Date,Open,High,Low,Close,Adj Close,Volume
7/30/2019,52.189999,52.540001,51.827499,52.195,50.373245,135742800
7/31/2019,54.105,55.342499,52.825001,53.259998,51.401073,277125600
8/1/2019,53.474998,54.5075,51.685001,52.107498,50.288807,216071600
8/2/2019,51.3825,51.607498,50.407501,51.005001,49.224785,163448400
8/5/2019,49.497501,49.662498,48.145,48.334999,46.647968,209572000
8/6/2019,49.077499,49.517502,48.509998,49.25,47.531044,143299200
8/7/2019,48.852501,49.889999,48.455002,49.759998,48.023239,133457600
8/8/2019,50.049999,50.8825,49.8475,50.857498,49.082428,108038000
8/9/2019,50.325001,50.689999,49.822498,50.247501,48.677967,98478800
8/12/2019,49.904999,50.512501,49.787498,50.119999,48.554447,89927600
8/13/2019,50.255001,53.035,50.119999,52.2425,50.610661,188874000
8/14/2019,50.790001,51.610001,50.647499,50.6875,49.104229,146189600
8/15/2019,50.865002,51.285,49.9175,50.435001,48.859615,108909600
8/16/2019,51.07,51.790001,50.959999,51.625,50.012444,110481600
8/19/2019,52.654999,53.182499,52.5075,52.587502,50.944881,97654400
8/20/2019,52.720001,53.337502,52.580002,52.59,50.947304,107537200
8/21/2019,53.247501,53.412498,52.900002,53.16,51.4995,86141600
8/22/2019,53.297501,53.610001,52.6875,53.115002,51.45591,89014800
8/23/2019,52.357498,53.012501,50.25,50.66,49.077587,187272000
8/26/2019,51.465,51.797501,51.264999,51.622501,50.010025,104174400
8/27/2019,51.965,52.137501,50.8825,51.040001,49.445721,103493200
8/28/2019,51.025002,51.43,50.830002,51.3825,49.777515,63755200
8/29/2019,52.125,52.330002,51.665001,52.252499,50.62035,83962000
8/30/2019,52.540001,52.612499,51.799999,52.185001,50.554962,84573600
9/3/2019,51.607498,51.744999,51.055,51.424999,49.818684,80092000
9/4/2019,52.0975,52.369999,51.830002,52.297501,50.66394,76752400
9/5/2019,53,53.4925,52.877499,53.32,51.654499,95654800
9/6/2019,53.512501,53.605,53.127499,53.314999,51.649654,77449200
9/9/2019,53.709999,54.110001,52.767502,53.5425,51.870049,109237600
9/10/2019,53.465,54.195,52.927502,54.174999,52.482796,127111600
9/11/2019,54.517502,55.927502,54.432499,55.897499,54.151493,177158400
9/12/2019,56.200001,56.605,55.715,55.772499,54.030388,128906800
9/13/2019,55,55.197498,54.255001,54.6875,52.979286,159053200
9/16/2019,54.432499,55.032501,54.389999,54.974998,53.257805,84632400
9/17/2019,54.990002,55.205002,54.779999,55.174999,53.451553,73274800
9/18/2019,55.264999,55.712502,54.860001,55.692501,53.9529,101360000
9/19/2019,55.502499,55.939999,55.092499,55.240002,53.514538,88242400
9/20/2019,55.345001,55.639999,54.3675,54.432499,52.732258,221652400
9/23/2019,54.737499,54.959999,54.412498,54.68,52.972031,76662000
9/24/2019,55.2575,55.622501,54.297501,54.419998,52.720135,124763200
9/25/2019,54.637501,55.375,54.285,55.2575,53.531487,87613600
9/26/2019,55,55.235001,54.7075,54.9725,53.255386,75334000
9/27/2019,55.134998,55.240002,54.32,54.705002,52.996239,101408000
9/30/2019,55.224998,56.145,55.197498,55.9925,54.24353,103909600
10/1/2019,56.267502,57.055,56.049999,56.147499,54.393681,139223200
10/2/2019,55.764999,55.895,54.482498,54.740002,53.030148,138449200
10/3/2019,54.607498,55.240002,53.782501,55.205002,53.480625,114426000
10/4/2019,56.41,56.872501,55.9725,56.752499,54.979774,138478800
10/7/2019,56.567501,57.482498,56.459999,56.764999,54.991894,122306000
10/8/2019,56.455002,57.014999,56.0825,56.099998,54.34766,111820000
10/9/2019,56.7575,56.947498,56.41,56.7575,54.984619,74770400
10/10/2019,56.982498,57.610001,56.825001,57.522499,55.725735,113013600
10/11/2019,58.237499,59.41,58.077499,59.052502,57.207939,166795600
10/14/2019,58.724998,59.532501,58.6675,58.967499,57.125591,96427600
10/15/2019,59.0975,59.412498,58.720001,58.830002,56.992393,87360000
10/16/2019,58.342499,58.810001,58.299999,58.592499,56.762299,73903200
10/17/2019,58.772499,59.037498,58.380001,58.82,56.982704,67585200
10/18/2019,58.647499,59.395,58.572498,59.102501,57.256382,97433600
10/21/2019,59.380001,60.247501,59.330002,60.127499,58.249363,87247200
10/22/2019,60.290001,60.549999,59.904999,59.990002,58.116154,82293600
10/23/2019,60.525002,60.810001,60.305,60.794998,58.896004,75828800
10/24/2019,61.127499,61.200001,60.452499,60.895,58.992882,69275200
10/25/2019,60.790001,61.682499,60.720001,61.645,59.719471,73477200
10/28/2019,61.855,62.3125,61.68,62.262501,60.317673,96572800
10/29/2019,62.2425,62.4375,60.642502,60.822498,58.922646,142839600
10/30/2019,61.189999,61.325001,60.302502,60.814999,58.915386,124522000
10/31/2019,61.810001,62.2925,59.314999,62.189999,60.247437,139162000
11/1/2019,62.384998,63.982498,62.290001,63.955002,61.957306,151125200
11/4/2019,64.332497,64.462502,63.845001,64.375,62.364189,103272000
11/5/2019,64.262497,64.547501,64.080002,64.282501,62.27459,79897600
11/6/2019,64.192497,64.372498,63.842499,64.309998,62.301216,75864400
11/7/2019,64.684998,65.087502,64.527496,64.857498,63.020256,94940400
11/8/2019,64.672501,65.110001,64.212502,65.035004,63.192741,69986400
11/11/2019,64.574997,65.6175,64.57,65.550003,63.693127,81821200
11/12/2019,65.387497,65.697502,65.230003,65.489998,63.634834,87388800
11/13/2019,65.282501,66.195,65.267502,66.1175,64.24456,102734400
11/14/2019,65.9375,66.220001,65.525002,65.660004,63.800022,89182800
11/15/2019,65.919998,66.445,65.752502,66.440002,64.557938,100206400
11/18/2019,66.449997,66.857498,66.057503,66.775002,64.883446,86703200
11/19/2019,66.974998,67,66.347504,66.572502,64.686653,76167200
11/20/2019,66.385002,66.519997,65.099998,65.797501,63.93364,106234400
11/21/2019,65.922501,66.002502,65.294998,65.502502,63.646973,121395200
11/22/2019,65.647499,65.794998,65.209999,65.445,63.591114,65325200
11/25/2019,65.677498,66.610001,65.629997,66.592499,64.706108,84020400
11/26/2019,66.735001,66.790001,65.625,66.072502,64.200844,105207600
11/27/2019,66.394997,66.995003,66.327499,66.959999,65.063187,65235600
11/29/2019,66.650002,67,66.474998,66.8125,64.919868,46617600
12/2/2019,66.817497,67.0625,65.862503,66.040001,64.169243,94487200
12/3/2019,64.577499,64.8825,64.072502,64.862503,63.025116,114430400
12/4/2019,65.267502,65.827499,65.169998,65.434998,63.581383,67181600
12/5/2019,65.947502,66.472504,65.682503,66.394997,64.514198,74424400
12/6/2019,66.870003,67.75,66.824997,67.677498,65.760353,106075600
12/9/2019,67.5,67.699997,66.227501,66.730003,64.839714,128042400
12/10/2019,67.150002,67.517502,66.464996,67.120003,65.218658,90420400
12/11/2019,67.202499,67.775002,67.125,67.692497,65.774948,78756800
12/12/2019,66.945,68.139999,66.830002,67.864998,65.942543,137310400
12/13/2019,67.864998,68.824997,67.732498,68.787498,66.838905,133587600
12/16/2019,69.25,70.197502,69.245003,69.964996,67.983063,128186000
12/17/2019,69.892502,70.442497,69.699997,70.102501,68.116676,114158400
12/18/2019,69.949997,70.474998,69.779999,69.934998,67.953911,116028400
12/19/2019,69.875,70.294998,69.737503,70.004997,68.021927,98369200
12/20/2019,70.557503,70.662498,69.639999,69.860001,67.881042,275978000
12/23/2019,70.1325,71.0625,70.092499,71,68.988762,98572000
12/24/2019,71.172501,71.222504,70.730003,71.067497,69.054344,48478800
12/26/2019,71.205002,72.495003,71.175003,72.477501,70.424408,93121200
12/27/2019,72.779999,73.4925,72.029999,72.449997,70.397675,146266000
12/30/2019,72.364998,73.172501,71.305,72.879997,70.815491,144114400
12/31/2019,72.482498,73.419998,72.379997,73.412498,71.332909,100805600
1/2/2020,74.059998,75.150002,73.797501,75.087502,72.960464,135480400
1/3/2020,74.287498,75.144997,74.125,74.357498,72.251129,146322800
1/6/2020,73.447502,74.989998,73.1875,74.949997,72.826859,118387200
1/7/2020,74.959999,75.224998,74.370003,74.597504,72.484337,108872000
1/8/2020,74.290001,76.110001,74.290001,75.797501,73.650337,132079200
1/9/2020,76.809998,77.607498,76.550003,77.407501,75.214745,170108400
1/10/2020,77.650002,78.167503,77.0625,77.582497,75.384789,140644800
1/13/2020,77.910004,79.267502,77.787498,79.239998,76.995331,121532000
1/14/2020,79.175003,79.392502,78.042503,78.169998,75.955643,161954400
1/15/2020,77.962502,78.875,77.387497,77.834999,75.630142,121923600
1/16/2020,78.397499,78.925003,78.022499,78.809998,76.577515,108829200
1/17/2020,79.067497,79.684998,78.75,79.682503,77.425301,137816400
1/21/2020,79.297501,79.754997,79,79.142502,76.900604,110843200
1/22/2020,79.644997,79.997498,79.327499,79.425003,77.175102,101832400
1/23/2020,79.480003,79.889999,78.912498,79.807503,77.546761,104472000
1/24/2020,80.0625,80.832497,79.379997,79.577499,77.323273,146537600
1/27/2020,77.514999,77.942497,76.220001,77.237503,75.049553,161940000
1/28/2020,78.150002,79.599998,78.047501,79.422501,77.172661,162234000
1/29/2020,81.112503,81.962502,80.345001,81.084999,78.788071,216229200
1/30/2020,80.135002,81.022499,79.6875,80.967499,78.673889,126743200
1/31/2020,80.232498,80.669998,77.072502,77.377502,75.185593,199588400
2/3/2020,76.074997,78.372498,75.555,77.165001,74.979118,173788400
2/4/2020,78.827499,79.910004,78.407501,79.712502,77.454445,136616400
2/5/2020,80.879997,81.190002,79.737503,80.362503,78.086029,118826800
2/6/2020,80.642502,81.305,80.065002,81.302498,78.999397,105425600
2/7/2020,80.592499,80.849998,79.5,80.0075,77.925598,117684000
2/10/2020,78.544998,80.387497,78.462502,80.387497,78.295685,109348800
2/11/2020,80.900002,80.974998,79.677498,79.902496,77.823326,94323200
2/12/2020,80.3675,81.805,80.3675,81.800003,79.671455,113730400
2/13/2020,81.047501,81.555,80.837502,81.217499,79.104111,94747600
2/14/2020,81.184998,81.495003,80.712502,81.237503,79.123581,80113600
2/18/2020,78.839996,79.9375,78.652496,79.75,77.674797,152531200
2/19/2020,80,81.142502,80,80.904999,78.799728,93984000
2/20/2020,80.657501,81.162498,79.552498,80.074997,77.991341,100566000
2/21/2020,79.654999,80.112503,77.625,78.262497,76.22599,129554000
2/24/2020,74.315002,76.044998,72.307503,74.544998,72.605232,222195200
2/25/2020,75.237503,75.6325,71.532501,72.019997,70.145943,230673600
2/26/2020,71.6325,74.470001,71.625,73.162498,71.258713,198054800
2/27/2020,70.275002,71.5,68.239998,68.379997,66.600639,320605600
2/28/2020,64.315002,69.602501,64.092499,68.339996,66.561714,426510000
3/2/2020,70.57,75.360001,69.43,74.702499,72.758636,341397200
3/3/2020,75.917503,76,71.449997,72.330002,70.447876,319475600
3/4/2020,74.110001,75.849998,73.282501,75.684998,73.715576,219178400
3/5/2020,73.879997,74.887497,72.852501,73.230003,71.32444,187572800
3/6/2020,70.5,72.705002,70.307503,72.2575,70.377243,226176800
3/9/2020,65.9375,69.522499,65.75,66.542503,64.810974,286744800
3/10/2020,69.285004,71.610001,67.342499,71.334999,69.478745,285290000
3/11/2020,69.347504,70.305,67.964996,68.857498,67.065735,255598800
3/12/2020,63.985001,67.5,62,62.057499,60.442669,418474000
3/13/2020,66.222504,69.980003,63.237499,69.4925,67.684204,370732000
3/16/2020,60.487499,64.769997,60,60.552502,58.976837,322423600
3/17/2020,61.877499,64.402496,59.599998,63.215,61.570053,324056000
3/18/2020,59.942501,62.5,59.279999,61.6675,60.062824,300233600
3/19/2020,61.8475,63.209999,60.6525,61.195,59.602619,271857200
3/20/2020,61.794998,62.9575,57,57.310001,55.81871,401693200
3/23/2020,57.02,57.125,53.1525,56.092499,54.632893,336752800
3/24/2020,59.09,61.922501,58.575001,61.720001,60.113956,287531200
3/25/2020,62.6875,64.5625,61.075001,61.380001,59.78281,303602000
3/26/2020,61.630001,64.669998,61.59,64.610001,62.928749,252087200
3/27/2020,63.1875,63.967499,61.762501,61.935001,60.323364,204216800
3/30/2020,62.685001,63.880001,62.349998,63.702499,62.044868,167976400
3/31/2020,63.900002,65.622498,63,63.572498,61.918251,197002000
4/1/2020,61.625,62.18,59.782501,60.227501,58.660294,176218400
4/2/2020,60.084999,61.287498,59.224998,61.232498,59.639145,165934000
4/3/2020,60.700001,61.424999,59.7425,60.352501,58.782051,129880000
4/6/2020,62.724998,65.777496,62.345001,65.6175,63.910038,201820400
4/7/2020,67.699997,67.925003,64.75,64.857498,63.169819,202887200
4/8/2020,65.684998,66.842499,65.307503,66.517502,64.786629,168895200
4/9/2020,67.175003,67.517502,66.175003,66.997498,65.254135,161834800
4/13/2020,67.077499,68.425003,66.457497,68.3125,66.534904,131022800
4/14/2020,70,72.0625,69.512497,71.762497,69.895119,194994800
4/15/2020,70.599998,71.582497,70.157501,71.107498,69.257195,131154400
4/16/2020,71.845001,72.050003,70.587502,71.672501,69.807472,157125200
4/17/2020,71.172501,71.737503,69.214996,70.699997,68.860275,215250000
4/20/2020,69.487503,70.419998,69.212502,69.232498,67.430962,130015200
4/21/2020,69.07,69.3125,66.357498,67.092499,65.346664,180991600
4/22/2020,68.402496,69.474998,68.050003,69.025002,67.228882,116862400
4/23/2020,68.967499,70.4375,68.717499,68.7575,66.96833,124814400
4/24/2020,69.300003,70.752502,69.25,70.7425,68.90168,126161200
4/27/2020,70.449997,71.135002,69.987503,70.792503,68.950378,117087600
4/28/2020,71.269997,71.457497,69.550003,69.644997,67.832741,112004800
4/29/2020,71.182503,72.417503,70.972504,71.932503,70.060738,137280800
4/30/2020,72.489998,73.6325,72.087502,73.449997,71.538719,183064000
5/1/2020,71.5625,74.75,71.462502,72.267502,70.387001,240616800
5/4/2020,72.292503,73.422501,71.580002,73.290001,71.382881,133568000
5/5/2020,73.764999,75.25,73.614998,74.389999,72.454269,147751200
5/6/2020,75.114998,75.809998,74.717499,75.157501,73.20179,142333600
5/7/2020,75.805,76.292503,75.4925,75.934998,73.959053,115215200
5/8/2020,76.410004,77.587502,76.072502,77.532501,75.719414,133838400
5/11/2020,77.025002,79.262497,76.809998,78.752502,76.910881,145946400
5/12/2020,79.457497,79.922501,77.727501,77.852501,76.031952,162301200
5/13/2020,78.037498,78.987503,75.802498,76.912498,75.113914,200622400
5/14/2020,76.127502,77.447502,75.3825,77.385002,75.575371,158929200
5/15/2020,75.087502,76.974998,75.052498,76.927498,75.128555,166348400
5/18/2020,78.292503,79.125,77.580002,78.739998,76.898651,135178400
5/19/2020,78.7575,79.629997,78.252502,78.285004,76.45433,101729600
5/20/2020,79.169998,79.879997,79.129997,79.807503,77.941216,111504800
5/21/2020,79.665001,80.222504,78.967499,79.212502,77.360107,102688800
5/22/2020,78.942497,79.807503,78.837502,79.722504,77.8582,81803200
5/26/2020,80.875,81.059998,79.125,79.182503,77.330826,125522000
5/27/2020,79.035004,79.677498,78.272499,79.527496,77.667747,112945200
5/28/2020,79.192497,80.860001,78.907501,79.5625,77.70195,133560800
5/29/2020,79.8125,80.287498,79.1175,79.485001,77.626244,153532400
6/1/2020,79.4375,80.587502,79.302498,80.462502,78.580887,80791200
6/2/2020,80.1875,80.860001,79.732498,80.834999,78.944695,87642800
6/3/2020,81.165001,81.550003,80.574997,81.279999,79.37928,104491200
6/4/2020,81.097504,81.404999,80.195,80.580002,78.695656,87560400
6/5/2020,80.837502,82.9375,80.807503,82.875,80.936989,137250400
6/8/2020,82.5625,83.400002,81.830002,83.364998,81.41552,95654400
6/9/2020,83.035004,86.402496,83.002502,85.997498,83.98645,147712400
6/10/2020,86.974998,88.692497,86.522499,88.209999,86.147224,166651600
6/11/2020,87.327499,87.764999,83.870003,83.974998,82.011269,201662400
6/12/2020,86.18,86.949997,83.555,84.699997,82.719307,200146000
6/15/2020,83.3125,86.419998,83.144997,85.747498,83.742317,138808800
6/16/2020,87.864998,88.300003,86.18,88.019997,85.961662,165428800
6/17/2020,88.787498,88.849998,87.772499,87.897499,85.842033,114406400
6/18/2020,87.852501,88.362503,87.305,87.932503,85.876213,96820400
6/19/2020,88.660004,89.139999,86.287498,87.43,85.385468,264476000
6/22/2020,87.834999,89.864998,87.787498,89.717499,87.619469,135445200
6/23/2020,91,93.095001,90.567497,91.6325,89.489677,212155600
6/24/2020,91.25,92.197502,89.629997,90.014999,87.910004,192623200
6/25/2020,90.175003,91.25,89.392502,91.209999,89.077072,137522400
6/26/2020,91.102501,91.330002,88.254997,88.407501,86.340111,205256800
6/29/2020,88.3125,90.542503,87.82,90.445,88.329971,130646000
6/30/2020,90.019997,91.495003,90,91.199997,89.067307,140223200
7/1/2020,91.279999,91.839996,90.977501,91.027496,88.898819,110737200
7/2/2020,91.962502,92.6175,90.910004,91.027496,88.898819,114041600
7/6/2020,92.5,93.945,92.467499,93.462502,91.276901,118655600
7/7/2020,93.852501,94.654999,93.057503,93.172501,90.993668,112424400
7/8/2020,94.18,95.375,94.089996,95.342499,93.112923,117092000
7/9/2020,96.262497,96.317497,94.672501,95.752502,93.513336,125642800
7/10/2020,95.334999,95.980003,94.705002,95.919998,93.676926,90257200
7/13/2020,97.264999,99.955002,95.2575,95.477501,93.244774,191649200
7/14/2020,94.839996,97.254997,93.877502,97.057503,94.787834,170989200
7/15/2020,98.989998,99.247498,96.489998,97.724998,95.439713,153198000
7/16/2020,96.5625,97.404999,95.904999,96.522499,94.26532,110577600
7/17/2020,96.987503,97.147499,95.839996,96.327499,94.074883,92186800
7/20/2020,96.417503,98.5,96.0625,98.357498,96.057419,90318000
7/21/2020,99.172501,99.25,96.7425,97,94.731667,103433200
7/22/2020,96.692497,97.974998,96.602501,97.272499,94.997795,89001600
7/23/2020,96.997498,97.077499,92.010002,92.845001,90.673828,197004400
7/24/2020,90.987503,92.970001,89.144997,92.614998,90.449203,185438800
7/27/2020,93.709999,94.904999,93.480003,94.809998,92.59288,121214000
7/28/2020,94.3675,94.550003,93.247498,93.252502,91.0718,103625600
7/29/2020,93.75,95.230003,93.712502,95.040001,92.817513,90329200
7/30/2020,94.1875,96.297501,93.767502,96.190002,93.940613,158130000
7/31/2020,102.885002,106.415001,100.824997,106.260002,103.775131,374336800
8/3/2020,108.199997,111.637497,107.892502,108.9375,106.390007,308151200
8/4/2020,109.1325,110.790001,108.387497,109.665001,107.100487,173071600
8/5/2020,109.377502,110.392502,108.897499,110.0625,107.488701,121776800
8/6/2020,110.404999,114.412498,109.797501,113.902496,111.238892,202428800
8/7/2020,113.205002,113.675003,110.292503,111.112503,108.709801,198045600
8/10/2020,112.599998,113.775002,110,112.727501,110.289871,212403600
8/11/2020,111.970001,112.482498,109.107498,109.375,107.00988,187902400
8/12/2020,110.497498,113.275002,110.297501,113.010002,110.566277,165598000
8/13/2020,114.43,116.042503,113.927498,115.010002,112.52301,210082000
8/14/2020,114.830002,115,113.044998,114.907501,112.422745,165565200
8/17/2020,116.0625,116.087502,113.962502,114.607498,112.129227,119561600
8/18/2020,114.352501,116,114.0075,115.5625,113.063568,105633600
8/19/2020,115.982498,117.162498,115.610001,115.707497,113.205429,145538000
8/20/2020,115.75,118.392502,115.732498,118.275002,115.717422,126907200
8/21/2020,119.262497,124.8675,119.25,124.370003,121.680634,338054800
8/24/2020,128.697495,128.785004,123.9375,125.857498,123.135971,345937600
8/25/2020,124.697502,125.18,123.052498,124.824997,122.125786,211495600
8/26/2020,126.18,126.9925,125.082497,126.522499,123.786575,163022400
8/27/2020,127.142502,127.485001,123.832497,125.010002,122.306793,155552400
8/28/2020,126.012497,126.442497,124.577499,124.807503,122.108665,187630000
8/31/2020,127.580002,131,126,129.039993,126.249634,225702700
9/1/2020,132.759995,134.800003,130.529999,134.179993,131.278488,151948100
9/2/2020,137.589996,137.979996,127,131.399994,128.558594,200119000
9/3/2020,126.910004,128.839996,120.5,120.879997,118.26609,257599600
9/4/2020,120.07,123.699997,110.889999,120.959999,118.344345,332607200
9/8/2020,113.949997,118.989998,112.68,112.82,110.380371,231366600
9/9/2020,117.260002,119.139999,115.260002,117.32,114.783081,176940500
9/10/2020,120.360001,120.5,112.5,113.489998,111.035896,182274400
9/11/2020,114.57,115.230003,110,112,109.578102,180860300
9/14/2020,114.720001,115.93,112.800003,115.360001,112.865448,140150100
9/15/2020,118.330002,118.830002,113.610001,115.540001,113.041557,184642000
9/16/2020,115.230003,116,112.040001,112.129997,109.705292,154679000
9/17/2020,109.720001,112.199997,108.709999,110.339996,107.953987,178011000
9/18/2020,110.400002,110.879997,106.089996,106.839996,104.529694,287104900
9/21/2020,104.540001,110.190002,103.099998,110.080002,107.699646,195713800
9/22/2020,112.68,112.860001,109.160004,111.809998,109.392227,183055400
9/23/2020,111.620003,112.110001,106.769997,107.120003,104.803619,150718700
9/24/2020,105.169998,110.25,105,108.220001,105.87986,167743300
9/25/2020,108.43,112.440002,107.669998,112.279999,109.852058,149981400
9/28/2020,115.010002,115.32,112.779999,114.959999,112.474106,137672400
9/29/2020,114.550003,115.309998,113.57,114.089996,111.622925,99382200
9/30/2020,113.790001,117.260002,113.620003,115.809998,113.30571,142675200
10/1/2020,117.639999,117.720001,115.830002,116.790001,114.264534,116120400
10/2/2020,112.889999,115.370003,112.220001,113.019997,110.57605,144712000
10/5/2020,113.910004,116.650002,113.550003,116.5,113.980797,106243800
10/6/2020,115.699997,116.120003,112.25,113.160004,110.713036,161498200
10/7/2020,114.620003,115.550003,114.129997,115.080002,112.591507,96849000
10/8/2020,116.25,116.400002,114.589996,114.970001,112.483879,83477200
10/9/2020,115.279999,117,114.919998,116.970001,114.440643,100506900
10/12/2020,120.059998,125.18,119.279999,124.400002,121.709976,240226800
10/13/2020,125.269997,125.389999,119.650002,121.099998,118.481339,262330500
10/14/2020,121,123.029999,119.620003,121.190002,118.569397,150712000
10/15/2020,118.720001,121.199997,118.150002,120.709999,118.09977,112559200
10/16/2020,121.279999,121.550003,118.809998,119.019997,116.446335,115393800
10/19/2020,119.959999,120.419998,115.660004,115.980003,113.472061,120639300
10/20/2020,116.199997,118.980003,115.629997,117.510002,114.968964,124423700
10/21/2020,116.669998,118.709999,116.449997,116.870003,114.342804,89946000
10/22/2020,117.449997,118.040001,114.589996,115.75,113.24704,101988000
10/23/2020,116.389999,116.550003,114.279999,115.040001,112.552383,82572600
10/26/2020,114.010002,116.550003,112.879997,115.050003,112.562157,111850700
10/27/2020,115.489998,117.279999,114.540001,116.599998,114.078644,92276800
10/28/2020,115.050003,115.43,111.099998,111.199997,108.795418,143937800
10/29/2020,112.370003,116.93,112.199997,115.32,112.826324,146129200
10/30/2020,111.059998,111.989998,107.720001,108.860001,106.50602,190272600
11/2/2020,109.110001,110.68,107.32,108.769997,106.417953,122866900
11/3/2020,109.660004,111.489998,108.730003,110.440002,108.051849,107624400
11/4/2020,114.139999,115.589996,112.349998,114.949997,112.464325,138235500
11/5/2020,117.949997,119.620003,116.870003,119.029999,116.4561,126387100
11/6/2020,118.32,119.199997,116.129997,118.690002,116.323792,114457900
11/9/2020,120.5,121.989998,116.050003,116.32,114.00103,154515300
11/10/2020,115.550003,117.589996,114.129997,115.970001,113.65802,138023400
11/11/2020,117.190002,119.629997,116.440002,119.489998,117.107834,112295000
11/12/2020,119.620003,120.529999,118.57,119.209999,116.833412,103162300
11/13/2020,119.440002,119.669998,117.870003,119.260002,116.882439,81581900
11/16/2020,118.919998,120.989998,118.150002,120.300003,117.901688,91183000
11/17/2020,119.550003,120.669998,118.959999,119.389999,117.009834,74271000
11/18/2020,118.610001,119.82,118,118.029999,115.676941,76322100
11/19/2020,117.589996,119.059998,116.809998,118.639999,116.274796,74113000
11/20/2020,118.639999,118.769997,117.290001,117.339996,115.000717,73604300
11/23/2020,117.18,117.620003,113.75,113.849998,111.580276,127959300
11/24/2020,113.910004,115.849998,112.589996,115.169998,112.873962,113874200
11/25/2020,115.550003,116.75,115.169998,116.029999,113.716805,76499200
11/27/2020,116.57,117.489998,116.220001,116.589996,114.265656,46691300
11/30/2020,116.970001,120.970001,116.809998,119.050003,116.676613,169410200
12/1/2020,121.010002,123.470001,120.010002,122.720001,120.27346,127728200
12/2/2020,122.019997,123.370003,120.889999,123.080002,120.626282,89004200
12/3/2020,123.519997,123.779999,122.209999,122.940002,120.489059,78967600
12/4/2020,122.599998,122.860001,121.519997,122.25,119.812813,78260400
12/7/2020,122.309998,124.57,122.25,123.75,121.282913,86712000
12/8/2020,124.370003,124.980003,123.089996,124.379997,121.900352,82225500
12/9/2020,124.529999,125.949997,121,121.779999,119.352173,115089200
12/10/2020,120.5,123.870003,120.150002,123.239998,120.783073,81312200
12/11/2020,122.43,122.760002,120.550003,122.410004,119.96962,86939800
12/14/2020,122.599998,123.349998,121.540001,121.779999,119.352173,79184500
12/15/2020,124.339996,127.900002,124.129997,127.879997,125.330574,157243700
12/16/2020,127.410004,128.369995,126.559998,127.809998,125.261955,98208600
12/17/2020,128.899994,129.580002,128.039993,128.699997,126.134239,94359800
12/18/2020,128.960007,129.100006,126.120003,126.660004,124.134895,192541500
12/21/2020,125.019997,128.309998,123.449997,128.229996,125.673599,121251600
12/22/2020,131.610001,134.410004,129.649994,131.880005,129.250839,168904800
12/23/2020,132.160004,132.429993,130.779999,130.960007,128.349182,88223700
12/24/2020,131.320007,133.460007,131.100006,131.970001,129.33905,54930100
12/28/2020,133.990005,137.339996,133.509995,136.690002,133.964966,124486200
12/29/2020,138.050003,138.789993,134.339996,134.869995,132.181244,121047300
12/30/2020,135.580002,135.990005,133.399994,133.720001,131.054169,96452100
12/31/2020,134.080002,134.740005,131.720001,132.690002,130.044693,99116600
1/4/2021,133.520004,133.610001,126.760002,129.410004,126.830093,143301900
1/5/2021,128.889999,131.740005,128.429993,131.009995,128.398193,97664900
1/6/2021,127.720001,131.050003,126.379997,126.599998,124.076088,155088000
1/7/2021,128.360001,131.630005,127.860001,130.919998,128.309967,109578200
1/8/2021,132.429993,132.630005,130.229996,132.050003,129.417435,105158200
1/11/2021,129.190002,130.169998,128.5,128.979996,126.408653,100384500
1/12/2021,128.5,129.690002,126.860001,128.800003,126.232224,91951100
1/13/2021,128.759995,131.449997,128.490005,130.889999,128.280579,88636800
1/14/2021,130.800003,131,128.759995,128.910004,126.34005,90221800
1/15/2021,128.779999,130.220001,127,127.139999,124.605331,111598500
1/19/2021,127.779999,128.710007,126.940002,127.830002,125.281578,90757300
1/20/2021,128.660004,132.490005,128.550003,132.029999,129.397858,104319500
1/21/2021,133.800003,139.669998,133.589996,136.869995,134.141342,120150900
1/22/2021,136.279999,139.850006,135.020004,139.070007,136.297516,114459400
1/25/2021,143.070007,145.089996,136.539993,142.919998,140.070755,157611700
1/26/2021,143.600006,144.300003,141.369995,143.160004,140.305954,98390600
1/27/2021,143.429993,144.300003,140.410004,142.059998,139.227859,140843800
1/28/2021,139.520004,141.990005,136.699997,137.089996,134.356979,142621100
1/29/2021,135.830002,136.740005,130.210007,131.960007,129.329224,177523800
2/1/2021,133.75,135.380005,130.929993,134.139999,131.465775,106239800
2/2/2021,135.729996,136.309998,134.610001,134.990005,132.298843,83305400
2/3/2021,135.759995,135.770004,133.610001,133.940002,131.269775,89880900
2/4/2021,136.300003,137.399994,134.589996,137.389999,134.650986,84183100
2/5/2021,137.350006,137.419998,135.860001,136.759995,134.233826,75693800
2/8/2021,136.029999,136.960007,134.919998,136.910004,134.381073,71297200
2/9/2021,136.619995,137.880005,135.850006,136.009995,133.497696,76774200
2/10/2021,136.479996,136.990005,134.399994,135.389999,132.88913,73046600
2/11/2021,135.899994,136.389999,133.770004,135.130005,132.633926,64280000
2/12/2021,134.350006,135.529999,133.690002,135.369995,132.869461,60145100
2/16/2021,135.490005,136.009995,132.789993,133.190002,130.729813,80576300
2/17/2021,131.25,132.220001,129.470001,130.839996,128.423187,97918500
2/18/2021,129.199997,130,127.410004,129.710007,127.314056,96856700
2/19/2021,130.240005,130.710007,128.800003,129.869995,127.4711,87668800
2/22/2021,128.009995,129.720001,125.599998,126,123.672569,103916400
2/23/2021,123.760002,126.709999,118.389999,125.860001,123.535164,158273000
2/24/2021,124.940002,125.559998,122.230003,125.349998,123.034592,111039900
2/25/2021,124.68,126.459999,120.540001,120.989998,118.755127,148199500
2/26/2021,122.589996,124.849998,121.199997,121.260002,119.020126,164560400
3/1/2021,123.75,127.93,122.790001,127.790001,125.429512,116307900
3/2/2021,128.410004,128.720001,125.010002,125.120003,122.808853,102260900
3/3/2021,124.809998,125.709999,121.839996,122.059998,119.805367,112966300
3/4/2021,121.75,123.599998,118.620003,120.129997,117.911011,178155000
3/5/2021,120.980003,121.940002,117.57,121.419998,119.177177,153766600
3/8/2021,120.93,121,116.209999,116.360001,114.210648,154376600
3/9/2021,119.029999,122.059998,118.790001,121.089996,118.853279,129525800
3/10/2021,121.690002,122.169998,119.449997,119.980003,117.763794,111943300
3/11/2021,122.540001,123.209999,121.260002,121.959999,119.707199,103026500
3/12/2021,120.400002,121.169998,119.160004,121.029999,118.794388,88105100
3/15/2021,121.410004,124,120.419998,123.989998,121.699699,92403800
3/16/2021,125.699997,127.220001,124.720001,125.57,123.250519,115227900
3/17/2021,124.050003,125.860001,122.339996,124.760002,122.45549,111932600
3/18/2021,122.879997,123.18,120.32,120.529999,118.303619,121229700
3/19/2021,119.900002,121.43,119.68,119.989998,117.77359,185549500
3/22/2021,120.330002,123.870003,120.260002,123.389999,121.110802,111912300
3/23/2021,123.330002,124.239998,122.139999,122.540001,120.276497,95467100
3/24/2021,122.82,122.900002,120.07,120.089996,117.871742,88530500
3/25/2021,119.540001,121.660004,119,120.589996,118.362511,98844700
3/26/2021,120.349998,121.480003,118.919998,121.209999,118.971069,94071200
3/29/2021,121.650002,122.580002,120.730003,121.389999,119.147736,80819200
3/30/2021,120.110001,120.400002,118.860001,119.900002,117.685249,85671900
3/31/2021,121.650002,123.519997,121.150002,122.150002,119.893707,118323800
4/1/2021,123.660004,124.18,122.489998,123,120.727989,75089100
4/5/2021,123.870003,126.160004,123.07,125.900002,123.574432,88651200
4/6/2021,126.5,127.129997,125.650002,126.209999,123.878708,80171300
4/7/2021,125.830002,127.919998,125.139999,127.900002,125.537498,83466700
4/8/2021,128.949997,130.389999,128.520004,130.360001,127.952034,88844600
4/9/2021,129.800003,133.039993,129.470001,133,130.543274,106686700
4/12/2021,132.520004,132.850006,130.630005,131.240005,128.815811,91420000
4/13/2021,132.440002,134.660004,131.929993,134.429993,131.946869,91266500
4/14/2021,134.940002,135,131.660004,132.029999,129.591217,87222800
4/15/2021,133.820007,135,133.639999,134.5,132.015594,89347100
4/16/2021,134.300003,134.669998,133.279999,134.160004,131.681854,84922400
4/19/2021,133.509995,135.470001,133.339996,134.839996,132.349304,94264200
4/20/2021,135.020004,135.529999,131.809998,133.110001,130.651276,94812300
4/21/2021,132.360001,133.75,131.300003,133.5,131.034058,68847100
4/22/2021,133.039993,134.149994,131.410004,131.940002,129.502884,84566500
4/23/2021,132.160004,135.119995,132.160004,134.320007,131.838913,78657500
4/26/2021,134.830002,135.059998,133.559998,134.720001,132.231506,66905100
4/27/2021,135.009995,135.410004,134.110001,134.389999,131.907608,66015800
4/28/2021,134.309998,135.020004,133.080002,133.580002,131.112549,107760100
4/29/2021,136.470001,137.070007,132.449997,133.479996,131.01442,151101000
4/30/2021,131.779999,133.559998,131.070007,131.460007,129.031693,109839500
5/3/2021,132.039993,134.070007,131.830002,132.539993,130.091766,75135100
5/4/2021,131.190002,131.490005,126.699997,127.849998,125.488403,137564700
5/5/2021,129.199997,130.449997,127.970001,128.100006,125.73381,84000900
5/6/2021,127.889999,129.75,127.129997,129.740005,127.343529,78128300
5/7/2021,130.850006,131.259995,129.479996,130.210007,128.021912,78973300
5/10/2021,129.410004,129.539993,126.809998,126.849998,124.718376,88071200
5/11/2021,123.5,126.269997,122.769997,125.910004,123.794167,126142800
5/12/2021,123.400002,124.639999,122.25,122.769997,120.70694,112172300
5/13/2021,124.580002,126.150002,124.260002,124.970001,122.869965,105861300
5/14/2021,126.25,127.889999,125.849998,127.449997,125.308296,81918000
5/17/2021,126.82,126.93,125.169998,126.269997,124.148102,74244600
5/18/2021,126.559998,126.989998,124.779999,124.849998,122.751961,63342900
5/19/2021,123.160004,124.919998,122.860001,124.690002,122.594673,92612000
5/20/2021,125.230003,127.720001,125.099998,127.309998,125.170639,76857100
5/21/2021,127.82,128,125.209999,125.43,123.32222,79295400
5/24/2021,126.010002,127.940002,125.940002,127.099998,124.964165,63092900
5/25/2021,127.82,128.320007,126.32,126.900002,124.767532,72009500
5/26/2021,126.959999,127.389999,126.419998,126.849998,124.718376,56575900
5/27/2021,126.440002,127.639999,125.080002,125.279999,123.174744,94625600
5/28/2021,125.57,125.800003,124.550003,124.610001,122.516006,71311100
6/1/2021,125.080002,125.349998,123.940002,124.279999,122.191566,67637100
6/2/2021,124.279999,125.239998,124.050003,125.059998,122.958443,59278900
6/3/2021,124.68,124.849998,123.129997,123.540001,121.463989,76229200
6/4/2021,124.07,126.160004,123.849998,125.889999,123.774513,75169300
6/7/2021,126.169998,126.32,124.830002,125.900002,123.78434,71057600
6/8/2021,126.599998,128.460007,126.209999,126.739998,124.610214,74403800
6/9/2021,127.209999,127.75,126.519997,127.129997,124.99366,56877900
6/10/2021,127.019997,128.190002,125.940002,126.110001,123.990814,71186400
6/11/2021,126.529999,127.440002,126.099998,127.349998,125.209976,53522400
6/14/2021,127.82,130.539993,127.07,130.479996,128.287354,96906500
6/15/2021,129.940002,130.600006,129.389999,129.639999,127.461494,62746300
6/16/2021,130.369995,130.889999,128.460007,130.149994,127.962898,91815000
6/17/2021,129.800003,132.550003,129.649994,131.789993,129.575348,96721700
6/18/2021,130.710007,131.509995,130.240005,130.460007,128.267715,108953300
6/21/2021,130.300003,132.410004,129.210007,132.300003,130.076782,79663300
6/22/2021,132.130005,134.080002,131.619995,133.979996,131.728546,74783600
6/23/2021,133.770004,134.320007,133.229996,133.699997,131.453247,60214200
6/24/2021,134.449997,134.639999,132.929993,133.410004,131.168121,68711000
6/25/2021,133.460007,133.889999,132.809998,133.110001,130.873184,70783700
6/28/2021,133.410004,135.25,133.350006,134.779999,132.515106,62111300
6/29/2021,134.800003,136.490005,134.350006,136.330002,134.039078,64556100
6/30/2021,136.169998,137.410004,135.869995,136.960007,134.658493,63261400
7/1/2021,136.600006,137.330002,135.759995,137.270004,134.963257,52485800
7/2/2021,137.899994,140,137.75,139.960007,137.608063,78852600
7/6/2021,140.070007,143.149994,140.070007,142.020004,139.633453,108181800
7/7/2021,143.539993,144.889999,142.660004,144.570007,142.14061,104911600
7/8/2021,141.580002,144.059998,140.669998,143.240005,140.832962,105575500
7/9/2021,142.75,145.649994,142.649994,145.110001,142.671509,99890800
7/12/2021,146.210007,146.320007,144,144.5,142.071747,76299700
7/13/2021,144.029999,147.460007,143.630005,145.639999,143.192612,100827100
7/14/2021,148.100006,149.570007,147.679993,149.149994,146.643616,127050800
7/15/2021,149.240005,150,147.089996,148.479996,145.984894,106820300
7/16/2021,148.460007,149.759995,145.880005,146.389999,143.930008,93251400
7/19/2021,143.75,144.070007,141.669998,142.449997,140.056213,121434600
7/20/2021,143.460007,147.100006,142.960007,146.149994,143.694046,96350000
7/21/2021,145.529999,146.130005,144.630005,145.399994,142.956619,74993500
7/22/2021,145.940002,148.199997,145.809998,146.800003,144.33313,77338200
7/23/2021,147.550003,148.720001,146.919998,148.559998,146.063538,71447400
7/26/2021,148.270004,149.830002,147.699997,148.990005,146.486298,72434100
7/27/2021,149.119995,149.210007,145.550003,146.770004,144.303604,104818600
7/28/2021,144.809998,146.970001,142.539993,144.979996,142.543732,118931200
7/29/2021,144.690002,146.550003,144.580002,145.639999,143.192612,56699500
7/30/2021,144.380005,146.330002,144.110001,145.860001,143.408936,70440600
8/2/2021,146.360001,146.949997,145.25,145.520004,143.0746,62880000
8/3/2021,145.809998,148.039993,145.179993,147.360001,144.883728,64786600
8/4/2021,147.270004,147.789993,146.279999,146.949997,144.480591,56368300
8/5/2021,146.979996,147.839996,146.169998,147.059998,144.58873,46397700
8/6/2021,146.350006,147.110001,145.630005,146.139999,143.89949,54126800
8/9/2021,146.199997,146.699997,145.520004,146.089996,143.85025,48908700
8/10/2021,146.440002,147.710007,145.300003,145.600006,143.367767,69023100
8/11/2021,146.050003,146.720001,145.529999,145.860001,143.623795,48493500
8/12/2021,146.190002,149.050003,145.839996,148.889999,146.60733,72282600
8/13/2021,148.970001,149.440002,148.270004,149.100006,146.814117,59375000
8/16/2021,148.539993,151.190002,146.470001,151.119995,148.803116,103296000
8/17/2021,150.229996,151.679993,149.089996,150.190002,147.88739,92229700
8/18/2021,149.800003,150.720001,146.149994,146.360001,144.116104,86326000
8/19/2021,145.029999,148,144.5,146.699997,144.450912,86960300
8/20/2021,147.440002,148.5,146.779999,148.190002,145.918076,60549600
8/23/2021,148.309998,150.190002,147.889999,149.710007,147.41478,60131800
8/24/2021,149.449997,150.860001,149.149994,149.619995,147.326126,48606400
8/25/2021,149.809998,150.320007,147.800003,148.360001,146.08548,58991300
8/26/2021,148.350006,149.119995,147.509995,147.539993,145.27803,48597200
8/27/2021,147.479996,148.75,146.830002,148.600006,146.321793,55802400
8/30/2021,149,153.490005,148.610001,153.119995,150.772446,90956700
8/31/2021,152.660004,152.800003,151.289993,151.830002,149.502289,86453100
9/1/2021,152.830002,154.979996,152.339996,152.509995,150.171799,80313700
9/2/2021,153.869995,154.720001,152.399994,153.649994,151.294342,71115500
9/3/2021,153.759995,154.630005,153.089996,154.300003,151.934387,57808700
9/7/2021,154.970001,157.259995,154.389999,156.690002,154.28775,82278300
9/8/2021,156.979996,157.039993,153.979996,155.110001,152.731964,74420200
9/9/2021,155.490005,156.110001,153.949997,154.070007,151.707916,57305700
9/10/2021,155,155.479996,148.699997,148.970001,146.686096,140893200
9/13/2021,150.630005,151.419998,148.75,149.550003,147.257233,102404300
9/14/2021,150.350006,151.070007,146.910004,148.119995,145.849136,109296300
9/15/2021,148.559998,149.440002,146.369995,149.029999,146.745178,83281300
9/16/2021,148.440002,148.970001,147.220001,148.789993,146.508865,68034100
9/17/2021,148.820007,148.820007,145.759995,146.059998,143.820709,129868800
9/20/2021,143.800003,144.839996,141.270004,142.940002,140.748581,123478900
9/21/2021,143.929993,144.600006,142.779999,143.429993,141.231049,75834000
9/22/2021,144.449997,146.429993,143.699997,145.850006,143.613953,76404300
9/23/2021,146.649994,147.080002,145.639999,146.830002,144.578888,64838200
9/24/2021,145.660004,147.470001,145.559998,146.919998,144.667526,53477900
9/27/2021,145.470001,145.960007,143.820007,145.369995,143.141266,74150700
9/28/2021,143.25,144.75,141.690002,141.910004,139.734344,108972300
9/29/2021,142.470001,144.449997,142.029999,142.830002,140.640259,74602000
9/30/2021,143.660004,144.380005,141.279999,141.5,139.330627,89056700
10/1/2021,141.899994,142.919998,139.110001,142.649994,140.462982,94639600
10/4/2021,141.759995,142.210007,138.270004,139.139999,137.006821,98322000
10/5/2021,139.490005,142.240005,139.360001,141.110001,138.946594,80861100
10/6/2021,139.470001,142.149994,138.369995,142,139.822937,83221100
10/7/2021,143.059998,144.220001,142.720001,143.289993,141.093155,61732700
10/8/2021,144.029999,144.179993,142.559998,142.899994,140.709152,58773200
10/11/2021,142.270004,144.809998,141.809998,142.809998,140.620529,64452200
10/12/2021,143.229996,143.25,141.039993,141.509995,139.340454,73035900
10/13/2021,141.240005,141.399994,139.199997,140.910004,138.749664,78762700
10/14/2021,142.110001,143.880005,141.509995,143.759995,141.555969,69907100
10/15/2021,143.770004,144.899994,143.509995,144.839996,142.619415,67940300
10/18/2021,143.449997,146.839996,143.160004,146.550003,144.303207,85589200
10/19/2021,147.009995,149.169998,146.550003,148.759995,146.47934,76378900
10/20/2021,148.699997,149.75,148.119995,149.259995,146.971649,58418800
10/21/2021,148.809998,149.639999,147.869995,149.479996,147.188309,61421000
10/22/2021,149.690002,150.179993,148.639999,148.690002,146.410385,58883400
10/25/2021,148.679993,149.369995,147.619995,148.639999,146.361145,50720600
10/26/2021,149.330002,150.839996,149.009995,149.320007,147.030746,60893400
10/27/2021,149.360001,149.729996,148.490005,148.850006,146.567947,56094900
10/28/2021,149.820007,153.169998,149.720001,152.570007,150.230896,100077900
10/29/2021,147.220001,149.940002,146.410004,149.800003,147.503387,124953200
11/1/2021,148.990005,149.699997,147.800003,148.960007,146.67627,74588300
11/2/2021,148.660004,151.570007,148.649994,150.020004,147.719971,69122000
11/3/2021,150.389999,151.970001,149.820007,151.490005,149.16748,54511500
11/4/2021,151.580002,152.429993,150.639999,150.960007,148.645599,60394600
11/5/2021,151.889999,152.199997,150.059998,151.279999,149.178085,65463900
11/8/2021,151.410004,151.570007,150.160004,150.440002,148.349777,55020900
11/9/2021,150.199997,151.429993,150.059998,150.809998,148.714615,56787900
11/10/2021,150.020004,150.130005,147.850006,147.919998,145.864777,65187100
11/11/2021,148.960007,149.429993,147.679993,147.869995,145.815475,41000000
11/12/2021,148.429993,150.399994,147.479996,149.990005,147.906021,63804000
11/15/2021,150.369995,151.880005,149.429993,150,147.915878,59222800
11/16/2021,149.940002,151.490005,149.339996,151,148.901962,59256200
11/17/2021,151,155,150.990005,153.490005,151.357407,88807000
11/18/2021,153.710007,158.669998,153.050003,157.869995,155.676514,137827700
11/19/2021,157.649994,161.020004,156.529999,160.550003,158.319305,117305600
11/22/2021,161.679993,165.699997,161,161.020004,158.782761,117467900
11/23/2021,161.119995,161.800003,159.059998,161.410004,159.167358,96041900
11/24/2021,160.75,162.139999,159.639999,161.940002,159.689987,69463600
11/26/2021,159.570007,160.449997,156.360001,156.809998,154.631226,76959800
11/29/2021,159.369995,161.190002,158.789993,160.240005,158.013611,88748200
11/30/2021,159.990005,165.520004,159.919998,165.300003,163.003281,174048100
12/1/2021,167.479996,170.300003,164.529999,164.770004,162.480637,152052500
12/2/2021,158.740005,164.199997,157.800003,163.759995,161.484695,136739200
12/3/2021,164.020004,164.960007,159.720001,161.839996,159.59137,118023100
12/6/2021,164.289993,167.880005,164.279999,165.320007,163.023041,107497000
12/7/2021,169.080002,171.580002,168.339996,171.179993,168.801605,120405400
12/8/2021,172.130005,175.960007,170.699997,175.080002,172.64743,116998900
12/9/2021,174.910004,176.75,173.919998,174.559998,172.134628,108923700
12/10/2021,175.210007,179.630005,174.690002,179.449997,176.956665,115402700
12/13/2021,181.119995,182.130005,175.529999,175.740005,173.298233,153237000
12/14/2021,175.25,177.740005,172.210007,174.330002,171.907822,139380400
12/15/2021,175.110001,179.5,172.309998,179.300003,176.808792,131063300
12/16/2021,179.279999,181.139999,170.75,172.259995,169.866577,150185800
12/17/2021,169.929993,173.470001,169.690002,171.139999,168.762115,195432700
12/20/2021,168.279999,170.580002,167.460007,169.75,167.391449,107499100
12/21/2021,171.559998,173.199997,169.119995,172.990005,170.586456,91185900
12/22/2021,173.039993,175.860001,172.149994,175.639999,173.199631,92135300
12/23/2021,175.850006,176.850006,175.270004,176.279999,173.830734,68356600
12/27/2021,177.089996,180.419998,177.070007,180.330002,177.824463,74919600
12/28/2021,180.160004,181.330002,178.529999,179.289993,176.798935,79144300
12/29/2021,179.330002,180.630005,178.139999,179.380005,176.887665,62348900
12/30/2021,179.470001,180.570007,178.089996,178.199997,175.724075,59773000
12/31/2021,178.089996,179.229996,177.259995,177.570007,175.102798,64062300
1/3/2022,177.830002,182.880005,177.710007,182.009995,179.481125,104487900
1/4/2022,182.630005,182.940002,179.119995,179.699997,177.203247,99310400
1/5/2022,179.610001,180.169998,174.639999,174.919998,172.489624,94537600
1/6/2022,172.699997,175.300003,171.639999,172,169.610214,96904000
1/7/2022,172.889999,174.139999,171.029999,172.169998,169.777832,86709100
1/10/2022,169.080002,172.5,168.169998,172.190002,169.797562,106765600
1/11/2022,172.320007,175.179993,170.820007,175.080002,172.64743,76138300
1/12/2022,176.119995,177.179993,174.820007,175.529999,173.091171,74805200
1/13/2022,175.779999,176.619995,171.789993,172.190002,169.797562,84505800
1/14/2022,171.339996,173.779999,171.089996,173.070007,170.665344,80440800
1/18/2022,171.509995,172.539993,169.410004,169.800003,167.440765,90956700
1/19/2022,170,171.080002,165.940002,166.229996,163.920364,94815000
1/20/2022,166.979996,169.679993,164.179993,164.509995,162.224258,91420500
1/21/2022,164.419998,166.330002,162.300003,162.410004,160.153442,122848900
1/24/2022,160.020004,162.300003,154.699997,161.619995,159.374435,162294600
1/25/2022,158.979996,162.759995,157.020004,159.779999,157.559982,115798400
1/26/2022,163.5,164.389999,157.820007,159.690002,157.471252,108275300
1/27/2022,162.449997,163.839996,158.279999,159.220001,157.007767,121954600
1/28/2022,165.710007,170.350006,162.800003,170.330002,167.963379,179935700
1/31/2022,170.160004,175,169.509995,174.779999,172.351547,115541600
2/1/2022,174.009995,174.839996,172.309998,174.610001,172.183945,86213900
2/2/2022,174.75,175.880005,173.330002,175.839996,173.396866,84914300
2/3/2022,174.479996,176.240005,172.119995,172.899994,170.497681,89418100
2/4/2022,171.679993,174.100006,170.679993,172.389999,170.21138,82465400
2/7/2022,172.860001,173.949997,170.949997,171.660004,169.490601,77251200
2/8/2022,171.729996,175.350006,171.429993,174.830002,172.620499,74829200
2/9/2022,176.050003,176.649994,174.899994,176.279999,174.052185,71285000
2/10/2022,174.139999,175.479996,171.550003,172.119995,169.944778,90865900
2/11/2022,172.330002,173.080002,168.039993,168.639999,166.508759,98670700
2/14/2022,167.369995,169.580002,166.559998,168.880005,166.745728,86185500
2/15/2022,170.970001,172.949997,170.25,172.789993,170.606308,62527400
2/16/2022,171.850006,173.339996,170.050003,172.550003,170.369354,61177400
2/17/2022,171.029999,171.910004,168.470001,168.880005,166.745728,69589300
2/18/2022,169.820007,170.539993,166.190002,167.300003,165.185684,82772700
2/22/2022,164.979996,166.690002,162.149994,164.320007,162.243347,91162800
2/23/2022,165.539993,166.149994,159.75,160.070007,158.047089,90009200
2/24/2022,152.580002,162.850006,152,162.740005,160.683304,141147500
2/25/2022,163.839996,165.119995,160.869995,164.850006,162.766663,91974200
2/28/2022,163.059998,165.419998,162.429993,165.119995,163.033234,95056600
3/1/2022,164.699997,166.600006,161.970001,163.199997,161.137497,83474400
3/2/2022,164.389999,167.360001,162.949997,166.559998,164.455032,79724800
3/3/2022,168.470001,168.910004,165.550003,166.229996,164.129211,76678400
3/4/2022,164.490005,165.550003,162.100006,163.169998,161.107895,83737200
3/7/2022,163.360001,165.020004,159.039993,159.300003,157.286774,96418800
3/8/2022,158.820007,162.880005,155.800003,157.440002,155.450302,131148300
3/9/2022,161.479996,163.410004,159.410004,162.949997,160.89064,91454900
3/10/2022,160.199997,160.389999,155.979996,158.520004,156.516647,105342000
3/11/2022,158.929993,159.279999,154.5,154.729996,152.774551,96970100
3/14/2022,151.449997,154.119995,150.100006,150.619995,148.716476,108732100
3/15/2022,150.899994,155.570007,150.380005,155.089996,153.130005,92964300
3/16/2022,157.050003,160,154.460007,159.589996,157.573135,102300200
3/17/2022,158.610001,161,157.630005,160.619995,158.590103,75615400
3/18/2022,160.509995,164.479996,159.759995,163.979996,161.907639,123511700
3/21/2022,163.509995,166.350006,163.009995,165.380005,163.289978,95811400
3/22/2022,165.509995,169.419998,164.910004,168.820007,166.686493,81532000
3/23/2022,167.990005,172.639999,167.649994,170.210007,168.058929,98062700
3/24/2022,171.059998,174.139999,170.210007,174.070007,171.870148,90131400
3/25/2022,173.880005,175.279999,172.75,174.720001,172.511917,80546200
3/28/2022,172.169998,175.729996,172,175.600006,173.380814,90371900
3/29/2022,176.690002,179.009995,176.339996,178.960007,176.698334,100589400
3/30/2022,178.550003,179.610001,176.699997,177.770004,175.523392,92633200
3/31/2022,177.839996,178.029999,174.399994,174.610001,172.403305,103049300
4/1/2022,174.029999,174.880005,171.940002,174.309998,172.107101,78751300
4/4/2022,174.570007,178.490005,174.440002,178.440002,176.184921,76468400
4/5/2022,177.5,178.300003,174.419998,175.059998,172.847641,73401800
4/6/2022,172.360001,173.630005,170.130005,171.830002,169.658447,89058800
4/7/2022,171.160004,173.360001,169.850006,172.139999,169.964554,77594700
4/8/2022,171.779999,171.779999,169.199997,170.089996,167.940414,76575500
4/11/2022,168.710007,169.029999,165.5,165.75,163.655304,72246700
4/12/2022,168.020004,169.869995,166.639999,167.660004,165.541138,79265200
4/13/2022,167.389999,171.039993,166.770004,170.399994,168.24649,70618900
4/14/2022,170.619995,171.270004,165.039993,165.289993,163.201096,75329400
4/18/2022,163.919998,166.600006,163.570007,165.070007,162.983887,69023900
4/19/2022,165.020004,167.820007,163.910004,167.399994,165.284409,67723800
4/20/2022,168.759995,168.880005,166.100006,167.229996,165.116577,67929800
4/21/2022,168.910004,171.529999,165.910004,166.419998,164.316803,87227800
4/22/2022,166.460007,167.869995,161.5,161.789993,159.7453,84882400
4/25/2022,161.119995,163.169998,158.460007,162.880005,160.821548,96046400
4/26/2022,162.25,162.339996,156.720001,156.800003,154.81839,95623200
4/27/2022,155.910004,159.789993,155.380005,156.570007,154.591309,88063200
4/28/2022,159.25,164.520004,158.929993,163.639999,161.57196,130216800
4/29/2022,161.839996,166.199997,157.25,157.649994,155.657639,131747600
5/2/2022,156.710007,158.229996,153.270004,157.960007,155.96376,123055300
5/3/2022,158.149994,160.710007,156.320007,159.479996,157.464508,88966500
5/4/2022,159.669998,166.479996,159.259995,166.020004,163.92189,108256500
5/5/2022,163.850006,164.080002,154.949997,156.770004,154.788788,130525300
5/6/2022,156.009995,159.440002,154.179993,157.279999,155.520477,116124600
5/9/2022,154.929993,155.830002,151.490005,152.059998,150.358887,131577900
5/10/2022,155.520004,156.740005,152.929993,154.509995,152.781479,115366700
5/11/2022,153.5,155.449997,145.809998,146.5,144.861084,142689800
5/12/2022,142.770004,146.199997,138.800003,142.559998,140.965164,182602000
5/13/2022,144.589996,148.100006,143.110001,147.110001,145.464264,113990900
5/16/2022,145.550003,147.520004,144.179993,145.539993,143.911819,86643800
5/17/2022,148.860001,149.770004,146.679993,149.240005,147.57045,78336300
5/18/2022,146.850006,147.360001,139.899994,140.820007,139.244659,109742900
5/19/2022,139.880005,141.660004,136.600006,137.350006,135.813446,136095600
5/20/2022,139.089996,140.699997,132.610001,137.589996,136.050766,137426100
5/23/2022,137.789993,143.259995,137.649994,143.110001,141.509003,117726300
5/24/2022,140.809998,141.970001,137.330002,140.360001,138.789764,104132700
5/25/2022,138.429993,141.789993,138.339996,140.520004,138.948013,92482700
5/26/2022,137.389999,144.339996,137.139999,143.779999,142.171509,90601500
5/27/2022,145.389999,149.679993,145.259995,149.639999,147.965942,90978500
5/31/2022,149.070007,150.660004,146.839996,148.839996,147.174896,103718400
6/1/2022,149.899994,151.740005,147.679993,148.710007,147.046371,74286600
6/2/2022,147.830002,151.270004,146.860001,151.210007,149.518372,72348100
6/3/2022,146.899994,147.970001,144.460007,145.380005,143.753616,88570300
6/6/2022,147.029999,148.570007,144.899994,146.139999,144.505112,71598400
6/7/2022,144.350006,149,144.100006,148.710007,147.046371,67808200
6/8/2022,148.580002,149.869995,147.460007,147.960007,146.304764,53950200
6/9/2022,147.080002,147.949997,142.529999,142.639999,141.044281,69473000
6/10/2022,140.279999,140.759995,137.059998,137.130005,135.595917,91437900
6/13/2022,132.869995,135.199997,131.440002,131.880005,130.404633,122207100
6/14/2022,133.130005,133.889999,131.479996,132.759995,131.27478,84784300
6/15/2022,134.289993,137.339996,132.160004,135.429993,133.914932,91533000
6/16/2022,132.080002,132.389999,129.039993,130.059998,128.60498,108123900
6/17/2022,130.070007,133.080002,129.809998,131.559998,130.088211,134520300
6/21/2022,133.419998,137.059998,133.320007,135.869995,134.349976,81000500
6/22/2022,134.789993,137.759995,133.910004,135.350006,133.835831,73409200
6/23/2022,136.820007,138.589996,135.630005,138.270004,136.72319,72433800
6/24/2022,139.899994,141.910004,139.770004,141.660004,140.075241,89116800
6/27/2022,142.699997,143.490005,140.970001,141.660004,140.075241,70207900
6/28/2022,142.130005,143.419998,137.320007,137.440002,135.902451,67083400
6/29/2022,137.460007,140.669998,136.669998,139.229996,137.672409,66242400
6/30/2022,137.25,138.369995,133.770004,136.720001,135.190491,98964500
7/1/2022,136.039993,139.039993,135.660004,138.929993,137.375763,71051600
7/5/2022,137.770004,141.610001,136.929993,141.559998,139.976349,73353800
7/6/2022,141.350006,144.119995,141.080002,142.919998,141.321121,74064300
7/7/2022,143.289993,146.550003,143.279999,146.350006,144.712784,66253700
7/8/2022,145.259995,147.550003,145,147.039993,145.395035,64547800
7/11/2022,145.669998,146.639999,143.779999,144.869995,143.249359,63141600
7/12/2022,145.759995,148.449997,145.050003,145.860001,144.228241,77588800
7/13/2022,142.990005,146.449997,142.119995,145.490005,143.862396,71185600
7/14/2022,144.080002,148.949997,143.25,148.470001,146.809052,78140700
7/15/2022,149.779999,150.860001,148.199997,150.169998,148.490036,76259900
7/18/2022,150.740005,151.570007,146.699997,147.070007,145.424698,81420900
7/19/2022,147.919998,151.229996,146.910004,151,149.310745,82982400
7/20/2022,151.119995,153.720001,150.369995,153.039993,151.327896,64823400
7/21/2022,154.5,155.570007,151.940002,155.350006,153.612076,65086600
7/22/2022,155.389999,156.279999,153.410004,154.089996,152.366165,66675400
7/25/2022,154.009995,155.039993,152.279999,152.949997,151.238907,53623900
7/26/2022,152.259995,153.089996,150.800003,151.600006,149.904022,55138700
7/27/2022,152.580002,157.330002,152.160004,156.789993,155.035965,78620700
7/28/2022,156.979996,157.639999,154.410004,157.350006,155.589706,81378700
7/29/2022,161.240005,163.630005,159.5,162.509995,160.691971,101786900
8/1/2022,161.009995,163.589996,160.889999,161.509995,159.703171,67829400
8/2/2022,160.100006,162.410004,159.630005,160.009995,158.219955,59907000
8/3/2022,160.839996,166.589996,160.75,166.130005,164.271484,82507500
8/4/2022,166.009995,167.190002,164.429993,165.809998,163.955078,55474100
8/5/2022,163.210007,165.850006,163,165.350006,163.727325,56697000
8/8/2022,166.369995,167.809998,164.199997,164.869995,163.251999,60276900
8/9/2022,164.020004,165.820007,163.25,164.919998,163.301529,63135500
8/10/2022,167.679993,169.339996,166.899994,169.240005,167.579163,70170500
8/11/2022,170.059998,170.990005,168.190002,168.490005,166.836502,57149200
8/12/2022,169.820007,172.169998,169.399994,172.100006,170.411072,68039400
8/15/2022,171.520004,173.389999,171.350006,173.190002,171.490387,54091700
8/16/2022,172.779999,173.710007,171.660004,173.029999,171.331955,56377100
8/17/2022,172.770004,176.149994,172.570007,174.550003,172.837036,79542000
8/18/2022,173.75,174.899994,173.119995,174.149994,172.440948,62290100
8/19/2022,173.029999,173.740005,171.309998,171.520004,169.836792,70346300
8/22/2022,169.690002,169.860001,167.139999,167.570007,165.925552,69026800
8/23/2022,167.080002,168.710007,166.649994,167.229996,165.588882,54147100
8/24/2022,167.320007,168.110001,166.25,167.529999,165.885925,53841500
8/25/2022,168.779999,170.139999,168.350006,170.029999,168.361389,51218200
8/26/2022,170.570007,171.050003,163.559998,163.619995,162.014297,78961000
8/29/2022,161.149994,162.899994,159.820007,161.380005,159.79628,73314000
8/30/2022,162.130005,162.559998,157.720001,158.910004,157.35051,77906200
8/31/2022,160.309998,160.580002,157.139999,157.220001,155.677109,87991100
9/1/2022,156.639999,158.419998,154.669998,157.960007,156.409866,74229900
9/2/2022,159.75,160.360001,154.970001,155.809998,154.28096,76957800
9/6/2022,156.470001,157.089996,153.690002,154.529999,153.013519,73714800
9/7/2022,154.820007,156.669998,153.610001,155.960007,154.429459,87449600
9/8/2022,154.639999,156.360001,152.679993,154.460007,152.944214,84923800
9/9/2022,155.470001,157.820007,154.75,157.369995,155.825638,68028800
9/12/2022,159.589996,164.259995,159.300003,163.429993,161.826172,104956000
9/13/2022,159.899994,160.539993,153.369995,153.839996,152.330261,122656600
9/14/2022,154.789993,157.100006,153.610001,155.309998,153.785858,87965400
9/15/2022,154.649994,155.240005,151.380005,152.369995,150.874695,90481100
9/16/2022,151.210007,151.350006,148.369995,150.699997,149.2211,162278800
9/19/2022,149.309998,154.559998,149.100006,154.479996,152.963989,81474200
9/20/2022,153.399994,158.080002,153.080002,156.899994,155.360245,107689800
9/21/2022,157.339996,158.740005,153.600006,153.720001,152.211441,101696800
9/22/2022,152.380005,154.470001,150.910004,152.740005,151.241058,86652500
9/23/2022,151.190002,151.470001,148.559998,150.429993,148.953751,96029900
9/26/2022,149.660004,153.770004,149.639999,150.770004,149.290405,93339400
9/27/2022,152.740005,154.720001,149.949997,151.759995,150.270691,84442700
9/28/2022,147.639999,150.639999,144.839996,149.839996,148.369537,146691400
9/29/2022,146.100006,146.720001,140.679993,142.479996,141.081757,128138200
9/30/2022,141.279999,143.100006,138,138.199997,136.843765,124925300
10/3/2022,138.210007,143.070007,137.690002,142.449997,141.052063,114311700
10/4/2022,145.029999,146.220001,144.259995,146.100006,144.666245,87830100
10/5/2022,144.070007,147.380005,143.009995,146.399994,144.963287,79471000
10/6/2022,145.809998,147.539993,145.220001,145.429993,144.002792,68402200
10/7/2022,142.539993,143.100006,139.449997,140.089996,138.715225,85925600
10/10/2022,140.419998,141.889999,138.570007,140.419998,139.041962,74899000
10/11/2022,139.899994,141.350006,138.220001,138.979996,137.616089,77033700
10/12/2022,139.130005,140.360001,138.160004,138.339996,136.982407,70433700
10/13/2022,134.990005,143.589996,134.369995,142.990005,141.586746,113224000
10/14/2022,144.309998,144.520004,138.190002,138.380005,137.022003,88598000
10/17/2022,141.070007,142.899994,140.270004,142.410004,141.012436,85250900
10/18/2022,145.490005,146.699997,140.610001,143.75,142.339294,99136600
10/19/2022,141.690002,144.949997,141.5,143.860001,142.448196,61758300
10/20/2022,143.020004,145.889999,142.649994,143.389999,141.982819,64522000
10/21/2022,142.869995,147.850006,142.649994,147.270004,145.824738,86548600
10/24/2022,147.190002,150.229996,146,149.449997,147.983353,75981900
10/25/2022,150.089996,152.490005,149.360001,152.339996,150.844986,74732300
10/26/2022,150.960007,151.990005,148.039993,149.350006,147.884323,88194300
10/27/2022,148.070007,149.050003,144.130005,144.800003,143.378998,109180200
10/28/2022,148.199997,157.5,147.820007,155.740005,154.211655,164762400
10/31/2022,153.160004,154.240005,151.919998,153.339996,151.835159,97943200
11/1/2022,155.080002,155.449997,149.130005,150.649994,149.17157,80379300
11/2/2022,148.949997,152.169998,145,145.029999,143.606705,93604600
11/3/2022,142.059998,142.800003,138.75,138.880005,137.51709,97918500
11/4/2022,142.089996,142.669998,134.380005,138.380005,137.249313,140814800
11/7/2022,137.110001,139.149994,135.669998,138.919998,137.784866,83374600
11/8/2022,140.410004,141.429993,137.490005,139.5,138.360123,89908500
11/9/2022,138.5,138.550003,134.589996,134.869995,133.767975,74917800
11/10/2022,141.240005,146.869995,139.5,146.869995,145.669907,118854000
11/11/2022,145.820007,150.009995,144.369995,149.699997,148.476791,93979700
11/14/2022,148.970001,150.279999,147.429993,148.279999,147.06839,73374100
11/15/2022,152.220001,153.589996,148.559998,150.039993,148.814011,89868300
11/16/2022,149.130005,149.869995,147.289993,148.789993,147.574234,64218300
11/17/2022,146.429993,151.479996,146.149994,150.720001,149.488464,80389400
11/18/2022,152.309998,152.699997,149.970001,151.289993,150.053787,74829600
11/21/2022,150.160004,150.369995,147.720001,148.009995,146.800598,58724100
11/22/2022,148.130005,150.419998,146.929993,150.179993,148.952881,51804100
11/23/2022,149.449997,151.830002,149.339996,151.070007,149.835617,58301400
11/25/2022,148.309998,148.880005,147.119995,148.110001,146.899796,35195900
11/28/2022,145.139999,146.639999,143.380005,144.220001,143.04158,69246000
11/29/2022,144.289993,144.809998,140.350006,141.169998,140.01651,83763800
11/30/2022,141.399994,148.720001,140.550003,148.029999,146.82045,111380900
12/1/2022,148.210007,149.130005,146.610001,148.309998,147.098145,71250400
12/2/2022,145.960007,148,145.649994,147.809998,146.602249,65447400
12/5/2022,147.770004,150.919998,145.770004,146.630005,145.4319,68826400
12/6/2022,147.070007,147.300003,141.919998,142.910004,141.742264,64727200
12/7/2022,142.190002,143.369995,140,140.940002,139.788391,69721100
12/8/2022,142.360001,143.520004,141.100006,142.649994,141.484406,62128300
12/9/2022,142.339996,145.570007,140.899994,142.160004,140.998428,76097000
12/12/2022,142.699997,144.5,141.059998,144.490005,143.309372,70462700
12/13/2022,149.5,149.970001,144.240005,145.470001,144.281357,93886200
12/14/2022,145.350006,146.660004,141.160004,143.210007,142.039825,82291200
12/15/2022,141.110001,141.800003,136.029999,136.5,135.384659,98931900
12/16/2022,136.690002,137.649994,133.729996,134.509995,133.410904,160156900
12/19/2022,135.110001,135.199997,131.320007,132.369995,131.288422,79592600
12/20/2022,131.389999,133.25,129.889999,132.300003,131.218979,77432800
12/21/2022,132.979996,136.809998,132.75,135.449997,134.343216,85928000
12/22/2022,134.350006,134.559998,130.300003,132.229996,131.149536,77852100
12/23/2022,130.919998,132.419998,129.639999,131.860001,130.782562,63814900
12/27/2022,131.380005,131.410004,128.720001,130.029999,128.967514,69007800
12/28/2022,129.669998,131.029999,125.870003,126.040001,125.010117,85438400
12/29/2022,127.989998,130.479996,127.730003,129.610001,128.550964,75703700
12/30/2022,128.410004,129.949997,127.43,129.929993,128.868332,77034200
1/3/2023,130.279999,130.899994,124.169998,125.07,124.048042,112117500
1/4/2023,126.889999,128.660004,125.080002,126.360001,125.327507,89113600
1/5/2023,127.129997,127.769997,124.760002,125.019997,123.998444,80962700
1/6/2023,126.010002,130.289993,124.889999,129.619995,128.560867,87754700
1/9/2023,130.470001,133.410004,129.889999,130.149994,129.086517,70790800
1/10/2023,130.259995,131.259995,128.119995,130.729996,129.661774,63896200
1/11/2023,131.25,133.509995,130.460007,133.490005,132.399246,69458900
1/12/2023,133.880005,134.259995,131.440002,133.410004,132.319901,71379600
1/13/2023,132.029999,134.919998,131.660004,134.759995,133.658859,57809700
1/17/2023,134.830002,137.289993,134.130005,135.940002,134.829224,63646600
1/18/2023,136.820007,138.610001,135.029999,135.210007,134.105225,69672800
1/19/2023,134.080002,136.25,133.770004,135.270004,134.164703,58280400
1/20/2023,135.279999,138.020004,134.220001,137.869995,136.743454,80223600
1/23/2023,138.119995,143.320007,137.899994,141.110001,139.957001,81760300
1/24/2023,140.309998,143.160004,140.300003,142.529999,141.365372,66435100
1/25/2023,140.889999,142.429993,138.809998,141.860001,140.700867,65799300
1/26/2023,143.169998,144.25,141.899994,143.960007,142.783707,54105100
1/27/2023,143.160004,147.229996,143.080002,145.929993,144.737579,70555800
1/30/2023,144.960007,145.550003,142.850006,143,141.831543,64015300
1/31/2023,142.699997,144.339996,142.279999,144.289993,143.110992,65874500
2/1/2023,143.970001,146.610001,141.320007,145.429993,144.241684,77663600
2/2/2023,148.899994,151.179993,148.169998,150.820007,149.587646,118339000
2/3/2023,148.029999,157.380005,147.830002,154.5,153.237564,154357300
2/6/2023,152.570007,153.100006,150.779999,151.729996,150.490189,69858300
2/7/2023,150.639999,155.229996,150.639999,154.649994,153.386337,83322600
2/8/2023,153.880005,154.580002,151.169998,151.919998,150.678665,64120100
2/9/2023,153.779999,154.330002,150.419998,150.869995,149.637222,56007100
2/10/2023,149.460007,151.339996,149.220001,151.009995,150.004761,57450700
2/13/2023,150.949997,154.259995,150.919998,153.850006,152.825882,62199000
2/14/2023,152.119995,153.770004,150.860001,153.199997,152.180206,61707600
2/15/2023,153.110001,155.5,152.880005,155.330002,154.296021,65573800
2/16/2023,153.509995,156.330002,153.350006,153.710007,152.686813,68167900
2/17/2023,152.350006,153,150.850006,152.550003,151.534531,59144100
2/21/2023,150.199997,151.300003,148.410004,148.479996,147.491608,58867200
2/22/2023,148.869995,149.949997,147.160004,148.910004,147.918747,51011300
2/23/2023,150.089996,150.339996,147.240005,149.399994,148.405487,48394200
2/24/2023,147.110001,147.190002,145.720001,146.710007,145.733398,55469600
2/27/2023,147.710007,149.169998,147.449997,147.919998,146.935349,44998500
2/28/2023,147.050003,149.080002,146.830002,147.410004,146.428726,50547000
3/1/2023,146.830002,147.229996,145.009995,145.309998,144.342712,55479000
3/2/2023,144.380005,146.710007,143.899994,145.910004,144.938736,52238100
3/3/2023,148.039993,151.110001,147.330002,151.029999,150.024628,70732300
3/6/2023,153.789993,156.300003,153.460007,153.830002,152.806,87558000
3/7/2023,153.699997,154.029999,151.130005,151.600006,150.590851,56182000
3/8/2023,152.809998,153.470001,151.830002,152.869995,151.852386,47204800
3/9/2023,153.559998,154.539993,150.229996,150.589996,149.587555,53833600
3/10/2023,150.210007,150.940002,147.610001,148.5,147.511475,68572400
3/13/2023,147.809998,153.139999,147.699997,150.470001,149.468384,84457100
3/14/2023,151.279999,153.399994,150.100006,152.589996,151.574249,73695900
3/15/2023,151.190002,153.25,149.919998,152.990005,151.971588,77167900
3/16/2023,152.160004,156.460007,151.639999,155.850006,154.812546,76161100
3/17/2023,156.080002,156.740005,154.279999,155,153.968201,98944600
3/20/2023,155.070007,157.820007,154.149994,157.399994,156.352234,73641400
3/21/2023,157.320007,159.399994,156.539993,159.279999,158.219727,73938300
3/22/2023,159.300003,162.139999,157.809998,157.830002,156.779373,75701800
3/23/2023,158.830002,161.550003,157.679993,158.929993,157.87204,67622100
3/24/2023,158.860001,160.339996,157.850006,160.25,159.183258,59196500
3/27/2023,159.940002,160.770004,157.869995,158.279999,157.226379,52390300
3/28/2023,157.970001,158.490005,155.979996,157.649994,156.600555,45992200
3/29/2023,159.369995,161.050003,159.350006,160.770004,159.699814,51305700
3/30/2023,161.529999,162.470001,161.270004,162.360001,161.279221,49501700
3/31/2023,162.440002,165,161.910004,164.899994,163.802338,68749800
4/3/2023,164.270004,166.289993,164.220001,166.169998,165.063858,56976200
4/4/2023,166.600006,166.839996,165.110001,165.630005,164.527466,46278300
4/5/2023,164.740005,165.050003,161.800003,163.759995,162.669907,51511700
4/6/2023,162.429993,164.960007,162,164.660004,163.563919,45390100
4/10/2023,161.419998,162.029999,160.080002,162.029999,160.951401,47716900
4/11/2023,162.350006,162.360001,160.509995,160.800003,159.729614,47644200
4/12/2023,161.220001,162.059998,159.779999,160.100006,159.034271,50133100
4/13/2023,161.630005,165.800003,161.419998,165.559998,164.457932,68445600
4/14/2023,164.589996,166.320007,163.820007,165.210007,164.11026,49386500
4/17/2023,165.089996,165.389999,164.029999,165.229996,164.130112,41516200
4/18/2023,166.100006,167.410004,165.649994,166.470001,165.361877,49923000
4/19/2023,165.800003,168.160004,165.539993,167.630005,166.51416,47720200
4/20/2023,166.089996,167.869995,165.559998,166.649994,165.540649,52456400
4/21/2023,165.050003,166.449997,164.490005,165.020004,163.921524,58337300
4/24/2023,165,165.600006,163.889999,165.330002,164.229462,41949600
4/25/2023,165.190002,166.309998,163.729996,163.770004,162.67984,48714100
4/26/2023,163.059998,165.279999,162.800003,163.759995,162.669907,45498800
4/27/2023,165.190002,168.559998,165.190002,168.410004,167.28894,64902300
4/28/2023,168.490005,169.850006,167.880005,169.679993,168.550491,55209200
5/1/2023,169.279999,170.449997,168.639999,169.589996,168.46109,52472900
5/2/2023,170.089996,170.350006,167.539993,168.539993,167.418091,48425700
5/3/2023,169.5,170.919998,167.160004,167.449997,166.335327,65136000
5/4/2023,164.889999,167.039993,164.309998,165.789993,164.686371,81235400
5/5/2023,170.979996,174.300003,170.759995,173.570007,172.414627,113316400
5/8/2023,172.479996,173.850006,172.110001,173.5,172.345062,55962800
5/9/2023,173.050003,173.539993,171.600006,171.770004,170.626587,45326900
5/10/2023,173.020004,174.029999,171.899994,173.559998,172.404663,53724500
5/11/2023,173.850006,174.589996,172.169998,173.75,172.593399,49514700
5/12/2023,173.619995,174.059998,171,172.570007,171.658386,45497800
5/15/2023,173.160004,173.210007,171.470001,172.070007,171.161026,37266700
5/16/2023,171.990005,173.139999,171.800003,172.070007,171.161026,42110300
5/17/2023,171.710007,172.929993,170.419998,172.690002,171.77774,57951600
5/18/2023,173,175.240005,172.580002,175.050003,174.125275,65496700
5/19/2023,176.389999,176.389999,174.940002,175.160004,174.234695,55772400
5/22/2023,173.979996,174.710007,173.449997,174.199997,173.279755,43570900
5/23/2023,173.130005,173.380005,171.279999,171.559998,170.653687,50747300
5/24/2023,171.089996,172.419998,170.520004,171.839996,170.93222,45143500
5/25/2023,172.410004,173.899994,171.690002,172.990005,172.076157,56058300
5/26/2023,173.320007,175.770004,173.110001,175.429993,174.50325,54835000
5/30/2023,176.960007,178.990005,176.570007,177.300003,176.363373,55964400
5/31/2023,177.330002,179.350006,176.759995,177.25,176.313644,99625300
6/1/2023,177.699997,180.119995,176.929993,180.089996,179.138641,68901800
6/2/2023,181.029999,181.779999,179.259995,180.949997,179.994095,61945900
6/5/2023,182.630005,184.949997,178.039993,179.580002,178.631332,121946500
6/6/2023,179.970001,180.119995,177.429993,179.210007,178.26329,64848400
6/7/2023,178.440002,181.210007,177.320007,177.820007,176.88063,61944600
6/8/2023,177.899994,180.839996,177.460007,180.570007,179.616104,50214900
6/9/2023,181.5,182.229996,180.630005,180.960007,180.004044,48870700
6/12/2023,181.270004,183.889999,180.970001,183.789993,182.819092,54274900
6/13/2023,182.800003,184.149994,182.440002,183.309998,182.341614,54929100
6/14/2023,183.369995,184.389999,182.020004,183.949997,182.978256,57462900
6/15/2023,183.960007,186.520004,183.779999,186.009995,185.027359,65433200
6/16/2023,186.729996,186.990005,184.270004,184.919998,183.94313,101235600
6/20/2023,184.410004,186.100006,184.410004,185.009995,184.032639,49799100
6/21/2023,184.899994,185.410004,182.589996,183.960007,182.988205,49515700
6/22/2023,183.740005,187.050003,183.669998,187,186.012131,51245300
6/23/2023,185.550003,187.559998,185.009995,186.679993,185.693832,53079300
6/26/2023,186.830002,188.050003,185.229996,185.270004,184.29129,48088700
6/27/2023,185.889999,188.389999,185.669998,188.059998,187.066528,50730800
6/28/2023,187.929993,189.899994,187.600006,189.25,188.250244,51216800
6/29/2023,189.080002,190.070007,188.940002,189.589996,188.588455,46347300
6/30/2023,191.630005,194.479996,191.259995,193.970001,192.945328,85069600
7/3/2023,193.779999,193.880005,191.759995,192.460007,191.443298,31458200
7/5/2023,191.570007,192.979996,190.619995,191.330002,190.31926,46920300
7/6/2023,189.839996,192.020004,189.199997,191.809998,190.796722,45094300
7/7/2023,191.410004,192.669998,190.240005,190.679993,189.672684,46778000
7/10/2023,189.259995,189.990005,187.039993,188.610001,187.613647,59922200
7/11/2023,189.160004,189.300003,186.600006,188.080002,187.086441,46638100
7/12/2023,189.679993,191.699997,188.470001,189.770004,188.767502,60750200
7/13/2023,190.5,191.190002,189.779999,190.539993,189.533432,41342300
7/14/2023,190.229996,191.179993,189.630005,190.690002,189.682648,41573900
7/17/2023,191.899994,194.320007,191.809998,193.990005,192.965225,50520200
7/18/2023,193.350006,194.330002,192.419998,193.729996,192.706589,48353800
7/19/2023,193.100006,198.229996,192.649994,195.100006,194.069336,80507300
7/20/2023,195.089996,196.470001,192.5,193.130005,192.109772,59581200
7/21/2023,194.100006,194.970001,191.229996,191.940002,190.926025,71917800
7/24/2023,193.410004,194.910004,192.25,192.75,191.73175,45377800
7/25/2023,193.330002,194.440002,192.919998,193.619995,192.597153,37283200
7/26/2023,193.669998,195.639999,193.320007,194.5,193.472504,47471900
7/27/2023,196.020004,197.199997,192.550003,193.220001,192.19928,47460200
7/28/2023,194.669998,196.630005,194.139999,195.830002,194.795486,48291400
7/31/2023,196.059998,196.490005,195.259995,196.449997,195.412201,38824100
8/1/2023,196.240005,196.729996,195.279999,195.610001,194.57666,35175100
8/2/2023,195.039993,195.179993,191.850006,192.580002,191.562668,50389300
8/3/2023,191.570007,192.369995,190.690002,191.169998,190.16011,61235200
8/4/2023,185.520004,187.380005,181.919998,181.990005,181.028595,115799700
8/7/2023,182.130005,183.130005,177.350006,178.850006,177.905212,97576100
8/8/2023,179.690002,180.270004,177.580002,179.800003,178.850174,67823000
8/9/2023,180.869995,180.929993,177.009995,178.190002,177.248688,60378500
8/10/2023,179.479996,180.75,177.600006,177.970001,177.029846,54686900
8/11/2023,177.320007,178.619995,176.550003,177.789993,177.0896,51988100
8/14/2023,177.970001,179.690002,177.309998,179.460007,178.753036,43675600
8/15/2023,178.880005,179.479996,177.050003,177.449997,176.750931,43622600
8/16/2023,177.130005,178.539993,176.5,176.570007,175.87442,46964900
8/17/2023,177.139999,177.509995,173.479996,174,173.314545,66062900
8/18/2023,172.300003,175.100006,171.960007,174.490005,173.802612,61114200
8/21/2023,175.070007,176.130005,173.740005,175.839996,175.147293,46311900
8/22/2023,177.059998,177.679993,176.25,177.229996,176.531799,42084200
8/23/2023,178.520004,181.550003,178.330002,181.119995,180.406494,52722800
8/24/2023,180.669998,181.100006,176.009995,176.380005,175.685165,54945800
8/25/2023,177.380005,179.149994,175.820007,178.610001,177.906387,51449600
8/28/2023,180.089996,180.589996,178.550003,180.190002,179.480164,43820700
8/29/2023,179.699997,184.899994,179.5,184.119995,183.394669,53003900
8/30/2023,184.940002,187.850006,184.740005,187.649994,186.910767,60813900
8/31/2023,187.839996,189.119995,187.479996,187.869995,187.129883,60794500
9/1/2023,189.490005,189.919998,188.279999,189.460007,188.713623,45732600
9/5/2023,188.279999,189.979996,187.610001,189.699997,188.952682,45280000
9/6/2023,188.399994,188.850006,181.470001,182.910004,182.189438,81755800
9/7/2023,175.179993,178.210007,173.539993,177.559998,176.860504,112488800
9/8/2023,178.350006,180.240005,177.789993,178.179993,177.478058,65551300
9/11/2023,180.070007,180.300003,177.339996,179.360001,178.653427,58953100
9/12/2023,179.490005,180.130005,174.820007,176.300003,175.605484,90370200
9/13/2023,176.509995,177.300003,173.979996,174.210007,173.523712,84267900
9/14/2023,174,176.100006,173.580002,175.740005,175.047684,60895800
9/15/2023,176.479996,176.5,173.820007,175.009995,174.320541,109205100
9/18/2023,176.479996,179.380005,176.169998,177.970001,177.268906,67257600
9/19/2023,177.520004,179.630005,177.130005,179.070007,178.364563,51826900
9/20/2023,179.259995,179.699997,175.399994,175.490005,174.798676,58436200
9/21/2023,174.550003,176.300003,173.860001,173.929993,173.244797,63047900
9/22/2023,174.669998,177.080002,174.050003,174.789993,174.101425,56725400
9/25/2023,174.199997,176.970001,174.149994,176.080002,175.386337,46172700
9/26/2023,174.820007,175.199997,171.660004,171.960007,171.282578,64588900
9/27/2023,172.619995,173.039993,169.050003,170.429993,169.758591,66921800
9/28/2023,169.339996,172.029999,167.619995,170.690002,170.017578,56294400
9/29/2023,172.020004,173.070007,170.339996,171.210007,170.535538,51814200
10/2/2023,171.220001,174.300003,170.929993,173.75,173.065506,52164500
10/3/2023,172.259995,173.630005,170.820007,172.399994,171.72084,49594600
10/4/2023,171.089996,174.210007,170.970001,173.660004,172.975876,53020300
10/5/2023,173.789993,175.449997,172.679993,174.910004,174.220963,48527900
10/6/2023,173.800003,177.990005,173.179993,177.490005,176.790787,57224100
10/9/2023,176.809998,179.050003,175.800003,178.990005,178.284882,42390800
10/10/2023,178.100006,179.720001,177.949997,178.389999,177.687241,43698000
10/11/2023,178.199997,179.850006,177.600006,179.800003,179.09169,47551100
10/12/2023,180.070007,182.339996,179.039993,180.710007,179.998108,56743100
10/13/2023,181.419998,181.929993,178.139999,178.850006,178.145447,51427100
10/16/2023,176.75,179.080002,176.509995,178.720001,178.01593,52517000
10/17/2023,176.649994,178.419998,174.800003,177.149994,176.452133,57549400
10/18/2023,175.580002,177.580002,175.110001,175.839996,175.147293,54764400
10/19/2023,176.039993,177.839996,175.190002,175.460007,174.768784,59302900
10/20/2023,175.309998,175.419998,172.639999,172.880005,172.198944,64189300
10/23/2023,170.910004,174.009995,169.929993,173,172.318466,55980100
10/24/2023,173.050003,173.669998,171.449997,173.440002,172.756729,43816600
10/25/2023,171.880005,173.059998,170.649994,171.100006,170.425964,57157000
10/26/2023,170.369995,171.380005,165.669998,166.889999,166.232529,70625300
10/27/2023,166.910004,168.960007,166.830002,168.220001,167.557297,58499100
10/30/2023,169.020004,171.169998,168.869995,170.289993,169.619141,51131000
10/31/2023,169.350006,170.899994,167.899994,170.770004,170.09726,44846000
11/1/2023,171,174.229996,170.119995,173.970001,173.284653,56934900
11/2/2023,175.520004,177.779999,175.460007,177.570007,176.870468,77334800
11/3/2023,174.240005,176.820007,173.350006,176.649994,175.954086,79763700
11/6/2023,176.380005,179.429993,176.210007,179.229996,178.523926,63841300
11/7/2023,179.179993,182.440002,178.970001,181.820007,181.103714,70530000
11/8/2023,182.350006,183.449997,181.589996,182.889999,182.16951,49340300
11/9/2023,182.960007,184.119995,181.809998,182.410004,181.691406,53763500
11/10/2023,183.970001,186.570007,183.529999,186.399994,185.910278,66133400
11/13/2023,185.820007,186.029999,184.210007,184.800003,184.314499,43627500
11/14/2023,187.699997,188.110001,186.300003,187.440002,186.947556,60108400
11/15/2023,187.850006,189.5,187.779999,188.009995,187.516052,53790500
11/16/2023,189.570007,190.960007,188.649994,189.710007,189.211609,54412900
11/17/2023,190.25,190.380005,188.570007,189.690002,189.19165,50922700
11/20/2023,189.889999,191.910004,189.880005,191.449997,190.947021,46505100
11/21/2023,191.410004,191.520004,189.740005,190.639999,190.13916,38134500
11/22/2023,191.490005,192.929993,190.830002,191.309998,190.807388,39617700
11/24/2023,190.869995,190.899994,189.25,189.970001,189.470917,24048300
11/27/2023,189.919998,190.669998,188.899994,189.789993,189.291382,40552600
11/28/2023,189.779999,191.080002,189.399994,190.399994,189.89978,38415400
11/29/2023,190.899994,192.089996,188.970001,189.369995,188.872482,43014200
11/30/2023,189.839996,190.320007,188.190002,189.949997,189.450958,48794400
12/1/2023,190.330002,191.559998,189.229996,191.240005,190.737579,45679300
12/4/2023,189.979996,190.050003,187.449997,189.429993,188.932327,43389500
12/5/2023,190.210007,194.399994,190.179993,193.419998,192.91185,66628400
12/6/2023,194.449997,194.759995,192.110001,192.320007,191.814758,41089700
12/7/2023,193.630005,195,193.589996,194.270004,193.759628,47477700
12/8/2023,194.199997,195.990005,193.669998,195.710007,195.195831,53377300
12/11/2023,193.110001,193.490005,191.419998,193.179993,192.67247,60943700
12/12/2023,193.080002,194.720001,191.720001,194.710007,194.198471,52696900
12/13/2023,195.089996,198,194.850006,197.960007,197.439926,70404200
12/14/2023,198.020004,199.619995,196.160004,198.110001,197.589523,66831600
12/15/2023,197.529999,198.399994,197,197.570007,197.050949,128256700
12/18/2023,196.089996,196.630005,194.389999,195.889999,195.375351,55751900
12/19/2023,196.160004,196.949997,195.889999,196.940002,196.422607,40714100
12/20/2023,196.899994,197.679993,194.830002,194.830002,194.318146,52242800
12/21/2023,196.100006,197.080002,193.5,194.679993,194.168518,46482500
12/22/2023,195.179993,195.410004,192.970001,193.600006,193.091385,37122800
12/26/2023,193.610001,193.889999,192.830002,193.050003,192.542831,28919300
12/27/2023,192.490005,193.5,191.089996,193.149994,192.642548,48087700
12/28/2023,194.139999,194.660004,193.169998,193.580002,193.071426,34049900
12/29/2023,193.899994,194.399994,191.729996,192.529999,192.024185,42628800
1/2/2024,187.149994,188.440002,183.889999,185.639999,185.152283,82488700
1/3/2024,184.220001,185.880005,183.429993,184.25,183.765945,58414500
1/4/2024,182.149994,183.089996,180.880005,181.910004,181.432098,71983600
1/5/2024,181.990005,182.759995,180.169998,181.179993,180.703995,62303300
1/8/2024,182.089996,185.600006,181.5,185.559998,185.072495,59144500
1/9/2024,183.919998,185.149994,182.729996,185.139999,184.653595,42841800
1/10/2024,184.350006,186.399994,183.919998,186.190002,185.700836,46792900
1/11/2024,186.539993,187.050003,183.619995,185.589996,185.102417,49128400
1/12/2024,186.059998,186.740005,185.190002,185.919998,185.431549,40444700
1/16/2024,182.160004,184.259995,180.929993,183.630005,183.147568,65603000
1/17/2024,181.270004,182.929993,180.300003,182.679993,182.200058,47317400
1/18/2024,186.089996,189.139999,185.830002,188.630005,188.134445,78005800
1/19/2024,189.330002,191.949997,188.820007,191.559998,191.056732,68741000
1/22/2024,192.300003,195.330002,192.259995,193.889999,193.3806,60133900
1/23/2024,195.020004,195.75,193.830002,195.179993,194.667221,42355600
1/24/2024,195.419998,196.380005,194.339996,194.5,193.988998,53631300
1/25/2024,195.220001,196.270004,193.110001,194.169998,193.659882,54822100
1/26/2024,194.270004,194.759995,191.940002,192.419998,191.914474,44594000
1/29/2024,192.009995,192.199997,189.580002,191.729996,191.226288,47145600
1/30/2024,190.940002,191.800003,187.470001,188.039993,187.545975,55859400
1/31/2024,187.039993,187.100006,184.350006,184.399994,183.915543,55467800
2/1/2024,183.990005,186.949997,183.820007,186.860001,186.369095,64885400
2/2/2024,179.860001,187.330002,179.25,185.850006,185.36174,102518000
2/5/2024,188.149994,189.25,185.839996,187.679993,187.18692,69668800
2/6/2024,186.860001,189.309998,186.770004,189.300003,188.802673,43490800
2/7/2024,190.639999,191.050003,188.610001,189.410004,188.912399,53439000
2/8/2024,189.389999,189.539993,187.350006,188.320007,187.825256,40962000
2/9/2024,188.649994,189.990005,188,188.850006,188.594208,45155200
2/12/2024,188.419998,188.669998,186.789993,187.149994,186.8965,41781900
2/13/2024,185.770004,186.210007,183.509995,185.039993,184.789352,56529500
2/14/2024,185.320007,185.529999,182.440002,184.149994,183.900558,54630500
2/15/2024,183.550003,184.490005,181.350006,183.860001,183.610962,65434500
2/16/2024,183.419998,184.850006,181.669998,182.309998,182.063049,49701400
2/20/2024,181.789993,182.429993,180,181.559998,181.314072,53665600
2/21/2024,181.940002,182.889999,180.660004,182.320007,182.073059,41529700
2/22/2024,183.479996,184.960007,182.460007,184.369995,184.12027,52292200
2/23/2024,185.009995,185.039993,182.229996,182.520004,182.272781,45119700
2/26/2024,182.240005,182.759995,180.649994,181.160004,180.914627,40867400
2/27/2024,181.100006,183.919998,179.559998,182.630005,182.382629,54318900
2/28/2024,182.509995,183.119995,180.130005,181.419998,181.174255,48953900
2/29/2024,181.270004,182.570007,179.529999,180.75,180.505173,136682600
3/1/2024,179.550003,180.529999,177.380005,179.660004,179.416656,73488000
3/4/2024,176.149994,176.899994,173.789993,175.100006,174.862823,81510100
3/5/2024,170.759995,172.039993,169.619995,170.119995,169.889572,95132400
3/6/2024,171.059998,171.240005,168.679993,169.119995,168.890915,68587700
3/7/2024,169.149994,170.729996,168.490005,169,168.771088,71765100
3/8/2024,169,173.699997,168.940002,170.729996,170.498734,76114600
3/11/2024,172.940002,174.380005,172.050003,172.75,172.516006,60139500
3/12/2024,173.149994,174.029999,171.009995,173.229996,172.995346,59825400
3/13/2024,172.770004,173.190002,170.759995,171.130005,170.898209,52488700
3/14/2024,172.910004,174.309998,172.050003,173,172.765671,72913500
3/15/2024,171.169998,172.619995,170.289993,172.619995,172.386185,121664700
3/18/2024,175.570007,177.710007,173.520004,173.720001,173.484695,75604200
3/19/2024,174.339996,176.610001,173.029999,176.080002,175.841492,55215200
3/20/2024,175.720001,178.669998,175.089996,178.669998,178.427994,53423100
3/21/2024,177.050003,177.490005,170.839996,171.369995,171.137878,106181300
3/22/2024,171.759995,173.050003,170.059998,172.279999,172.046646,71106600
3/25/2024,170.570007,171.940002,169.449997,170.850006,170.618591,54288300
3/26/2024,170,171.419998,169.580002,169.710007,169.480133,57388400
3/27/2024,170.410004,173.600006,170.110001,173.309998,173.075241,60273300
3/28/2024,171.75,172.229996,170.509995,171.479996,171.247726,65672700
4/1/2024,171.190002,171.25,169.479996,170.029999,169.799698,46240500
4/2/2024,169.080002,169.339996,168.229996,168.839996,168.611298,49329500
4/3/2024,168.789993,170.679993,168.580002,169.649994,169.420197,47691700
4/4/2024,170.289993,171.919998,168.820007,168.820007,168.591339,53704400
4/5/2024,169.589996,170.389999,168.949997,169.580002,169.350296,42055200
4/8/2024,169.029999,169.199997,168.240005,168.449997,168.221832,37425500
4/9/2024,168.699997,170.080002,168.350006,169.669998,169.44017,42451200
4/10/2024,168.800003,169.089996,167.110001,167.779999,167.552734,49709300
4/11/2024,168.339996,175.460007,168.160004,175.039993,174.802902,91070300
4/12/2024,174.259995,178.360001,174.210007,176.550003,176.310867,101593300
4/15/2024,175.360001,176.630005,172.5,172.690002,172.456085,73531800
4/16/2024,171.75,173.759995,168.270004,169.380005,169.150574,73711200
4/17/2024,169.610001,170.649994,168,168,167.772446,50901200
4/18/2024,168.029999,168.639999,166.550003,167.039993,166.813736,43122900
4/19/2024,166.210007,166.399994,164.080002,165,164.776505,67772100
4/22/2024,165.520004,167.259995,164.770004,165.839996,165.615356,48116400
4/23/2024,165.350006,167.050003,164.919998,166.899994,166.67392,49537800
4/24/2024,166.539993,169.300003,166.210007,169.020004,168.791061,48251800
4/25/2024,169.529999,170.610001,168.149994,169.889999,169.659882,50558300
4/26/2024,169.880005,171.339996,169.179993,169.300003,169.070679,44838400
4/29/2024,173.369995,176.029999,173.100006,173.5,173.264984,68169400
4/30/2024,173.330002,174.990005,170,170.330002,170.099289,65934800
5/1/2024,169.580002,172.710007,169.110001,169.300003,169.070679,50383100
5/2/2024,172.509995,173.419998,170.889999,173.029999,172.795624,94214900
5/3/2024,186.649994,187,182.660004,183.380005,183.131607,163224100
5/6/2024,182.350006,184.199997,180.419998,181.710007,181.463882,78569700
5/7/2024,183.449997,184.899994,181.320007,182.399994,182.152924,77305800
5/8/2024,182.850006,183.070007,181.449997,182.740005,182.492477,45057100
5/9/2024,182.559998,184.660004,182.110001,184.570007,184.320007,48983000
5/10/2024,184.899994,185.089996,182.130005,183.050003,183.050003,50759500
5/13/2024,185.440002,187.100006,184.619995,186.279999,186.279999,72044800
5/14/2024,187.509995,188.300003,186.289993,187.429993,187.429993,52393600
5/15/2024,187.910004,190.649994,187.369995,189.720001,189.720001,70400000
5/16/2024,190.470001,191.100006,189.660004,189.839996,189.839996,52845200
5/17/2024,189.509995,190.809998,189.179993,189.869995,189.869995,41282900
5/20/2024,189.330002,191.919998,189.009995,191.039993,191.039993,44361300
5/21/2024,191.089996,192.729996,190.919998,192.350006,192.350006,42309400
5/22/2024,192.270004,192.820007,190.270004,190.899994,190.899994,34648500
5/23/2024,190.979996,191,186.630005,186.880005,186.880005,51005900
5/24/2024,188.820007,190.580002,188.039993,189.979996,189.979996,36294600
5/28/2024,191.509995,193,189.100006,189.990005,189.990005,52280100
5/29/2024,189.610001,192.25,189.509995,190.289993,190.289993,53068000
5/30/2024,190.759995,192.179993,190.630005,191.289993,191.289993,49947900
5/31/2024,191.440002,192.570007,189.910004,192.25,192.25,75158300
6/3/2024,192.899994,194.990005,192.520004,194.029999,194.029999,50080500
6/4/2024,194.639999,195.320007,193.029999,194.350006,194.350006,47471400
6/5/2024,195.399994,196.899994,194.869995,195.869995,195.869995,54156800
6/6/2024,195.690002,196.5,194.169998,194.479996,194.479996,41181800
6/7/2024,194.649994,196.940002,194.139999,196.889999,196.889999,53103900
6/10/2024,196.899994,197.300003,192.149994,193.119995,193.119995,97262100
6/11/2024,193.649994,207.160004,193.630005,207.149994,207.149994,172373300
6/12/2024,207.369995,220.199997,206.899994,213.070007,213.070007,198134300
6/13/2024,214.740005,216.75,211.600006,214.240005,214.240005,97862700
6/14/2024,213.850006,215.169998,211.300003,212.490005,212.490005,70122700
6/17/2024,213.369995,218.949997,212.720001,216.669998,216.669998,93728300
6/18/2024,217.589996,218.630005,213,214.289993,214.289993,79943300
6/20/2024,213.929993,214.240005,208.850006,209.679993,209.679993,86172500
6/21/2024,210.389999,211.889999,207.110001,207.490005,207.490005,246421400
6/24/2024,207.720001,212.699997,206.589996,208.139999,208.139999,80727000
6/25/2024,209.149994,211.380005,208.610001,209.070007,209.070007,56713900
6/26/2024,211.5,214.860001,210.639999,213.25,213.25,66213200
6/27/2024,214.690002,215.740005,212.350006,214.100006,214.100006,49772700
6/28/2024,215.770004,216.070007,210.300003,210.619995,210.619995,82542700
7/1/2024,212.089996,217.509995,211.919998,216.75,216.75,60402900
7/2/2024,216.149994,220.380005,215.100006,220.270004,220.270004,58046200
7/3/2024,220,221.550003,219.029999,221.550003,221.550003,37369800
7/5/2024,221.649994,226.449997,221.649994,226.339996,226.339996,60412400
7/8/2024,227.089996,227.850006,223.25,227.820007,227.820007,59085900
7/9/2024,227.929993,229.399994,226.369995,228.679993,228.679993,48076100
7/10/2024,229.300003,233.080002,229.25,232.979996,232.979996,62627700
7/11/2024,231.389999,232.389999,225.770004,227.570007,227.570007,64710600
7/12/2024,228.919998,232.639999,228.679993,230.539993,230.539993,53046500
7/15/2024,236.479996,237.229996,233.089996,234.399994,234.399994,62631300
7/16/2024,235,236.270004,232.330002,234.820007,234.820007,43234300
7/17/2024,229.449997,231.460007,226.639999,228.880005,228.880005,57345900
7/18/2024,230.279999,230.440002,222.270004,224.179993,224.179993,66034600
7/19/2024,224.820007,226.800003,223.279999,224.309998,224.309998,49151500
7/22/2024,227.009995,227.779999,223.089996,223.960007,223.960007,48201800
7/23/2024,224.369995,226.940002,222.679993,225.009995,225.009995,39960300
7/24/2024,224,224.800003,217.130005,218.539993,218.539993,61777600
7/25/2024,218.929993,220.850006,214.619995,217.490005,217.490005,51391200
7/26/2024,218.699997,219.490005,216.009995,217.960007,217.960007,41601300
7/29/2024,216.960007,219.300003,215.75,218.240005,218.240005,36311800
7/30/2024,219.190002,220.330002,216.119995,218.800003,218.800003,41518300
